Team1,Team2,Season,Pred
Alabama,Arizona,2023,2.0652904704654445
Alabama,Arizona St,2023,11.062403041837515
Alabama,Arkansas,2023,0.5827287353051535
Alabama,Auburn,2023,3.7179973286951364
Alabama,Baylor,2023,2.040081725210147
Alabama,Boise St,2023,6.100542500668528
Alabama,Col Charleston,2023,7.858601415747959
Alabama,Colgate,2023,12.60934662097128
Alabama,Connecticut,2023,-9.99813946809677
Alabama,Creighton,2023,3.443100986498097
Alabama,Drake,2023,9.205507272252946
Alabama,Duke,2023,2.7536228987407956
Alabama,F Dickinson,2023,17.821041579028496
Alabama,FL Atlantic,2023,6.136975484749886
Alabama,Furman,2023,11.098132441170387
Alabama,Gonzaga,2023,-7.097257697298067
Alabama,Grand Canyon,2023,11.766647152455402
Alabama,Houston,2023,-2.3872674807099257
Alabama,Howard,2023,16.64497756711533
Alabama,Illinois,2023,2.619661557573266
Alabama,Indiana,2023,3.5308972747159224
Alabama,Iona,2023,9.425324743032586
Alabama,Iowa,2023,7.0780085213440715
Alabama,Iowa St,2023,3.9916346179389017
Alabama,Kansas,2023,-0.022050966439549135
Alabama,Kansas St,2023,0.7834055055837578
Alabama,Kennesaw,2023,11.475012273243479
Alabama,Kent,2023,9.135477526570138
Alabama,Kentucky,2023,4.47003718721541
Alabama,Marquette,2023,3.1920891884610354
Alabama,Maryland,2023,6.951959347550738
Alabama,Memphis,2023,3.8397690922315424
Alabama,Miami FL,2023,8.610250939911445
Alabama,Michigan St,2023,2.5413289021404273
Alabama,Mississippi St,2023,7.769339558936012
Alabama,Missouri,2023,4.735151862596211
Alabama,Montana St,2023,13.198629571455227
Alabama,N Kentucky,2023,15.860496022115198
Alabama,NC State,2023,7.739645885563465
Alabama,Nevada,2023,4.144120769855471
Alabama,Northwestern,2023,5.514989129786858
Alabama,Oral Roberts,2023,5.125891434859366
Alabama,Penn St,2023,7.721159725785965
Alabama,Pittsburgh,2023,7.533048847582919
Alabama,Princeton,2023,14.512680385044517
Alabama,Providence,2023,5.718433633634967
Alabama,Purdue,2023,-4.003907368962906
Alabama,San Diego St,2023,7.634454960464261
Alabama,UC Santa Barbara,2023,11.547417393655458
Alabama,SE Missouri St,2023,19.491233053181944
Alabama,St Mary's CA,2023,2.060156781506912
Alabama,TAM C. Christi,2023,19.232227184557253
Alabama,TCU,2023,5.962623237424142
Alabama,Tennessee,2023,0.36899750542391163
Alabama,Texas,2023,0.9634354006565224
Alabama,Texas A&M,2023,5.686166615813964
Alabama,TX Southern,2023,27.537949104504946
Alabama,UCLA,2023,-0.43242964268669076
Alabama,Louisiana,2023,11.499731067216741
Alabama,UNC Asheville,2023,15.115216448666196
Alabama,USC,2023,4.299294600429737
Alabama,Utah St,2023,4.820628597880876
Alabama,VCU,2023,9.078890765831954
Alabama,Vermont,2023,13.83542203951422
Alabama,Virginia,2023,4.987416661962209
Alabama,West Virginia,2023,3.1644184157021993
Alabama,Xavier,2023,2.392516075669008
Arizona,Arizona St,2023,8.190374456727696
Arizona,Arkansas,2023,4.767666799624624
Arizona,Auburn,2023,1.668615741914922
Arizona,Baylor,2023,-3.441169681203487
Arizona,Boise St,2023,6.218703942431174
Arizona,Col Charleston,2023,5.9789965194588515
Arizona,Colgate,2023,7.048220256779905
Arizona,Connecticut,2023,0.05249417752330655
Arizona,Creighton,2023,3.6155783856330213
Arizona,Drake,2023,5.039567561584679
Arizona,Duke,2023,4.3203841117642865
Arizona,F Dickinson,2023,30.51114797853479
Arizona,FL Atlantic,2023,5.241135281915391
Arizona,Furman,2023,8.017435256831053
Arizona,Gonzaga,2023,-8.677440440976703
Arizona,Grand Canyon,2023,9.018800272934898
Arizona,Houston,2023,-5.644547328260781
Arizona,Howard,2023,17.512784086087244
Arizona,Illinois,2023,6.7235080882967795
Arizona,Indiana,2023,4.2796969659784025
Arizona,Iona,2023,7.083087653602104
Arizona,Iowa,2023,4.782971117005755
Arizona,Iowa St,2023,3.9301173924112387
Arizona,Kansas,2023,-0.10556596749252244
Arizona,Kansas St,2023,1.1536462934779963
Arizona,Kennesaw,2023,8.130197442005281
Arizona,Kent,2023,6.170185946573344
Arizona,Kentucky,2023,4.836943783496176
Arizona,Marquette,2023,3.35364379616704
Arizona,Maryland,2023,4.824480157928027
Arizona,Memphis,2023,3.0079264594201702
Arizona,Miami FL,2023,2.5377228691023497
Arizona,Michigan St,2023,4.489903323962373
Arizona,Mississippi St,2023,5.850291758476098
Arizona,Missouri,2023,7.925752801785665
Arizona,Montana St,2023,13.618628791250995
Arizona,N Kentucky,2023,14.873326269954141
Arizona,NC State,2023,5.313299995537681
Arizona,Nevada,2023,6.174583356180063
Arizona,Northwestern,2023,3.8764038884468226
Arizona,Oral Roberts,2023,10.696540902365546
Arizona,Penn St,2023,5.636504281682465
Arizona,Pittsburgh,2023,5.057927395526266
Arizona,Princeton,2023,10.911953128418018
Arizona,Providence,2023,6.229443425188152
Arizona,Purdue,2023,-4.167439829132736
Arizona,San Diego St,2023,5.356913001281108
Arizona,UC Santa Barbara,2023,9.031935529067505
Arizona,SE Missouri St,2023,21.876064044861597
Arizona,St Mary's CA,2023,2.722278067555237
Arizona,TAM C. Christi,2023,23.052933104923582
Arizona,TCU,2023,4.826883092825303
Arizona,Tennessee,2023,-1.1556443437721478
Arizona,Texas,2023,-0.3957619811600028
Arizona,Texas A&M,2023,4.4700647692037325
Arizona,TX Southern,2023,27.441707988852276
Arizona,UCLA,2023,-3.5390594566716373
Arizona,Louisiana,2023,6.171991937448829
Arizona,UNC Asheville,2023,8.279482963376022
Arizona,USC,2023,7.054205393573174
Arizona,Utah St,2023,6.0761205038154245
Arizona,VCU,2023,3.671507048095541
Arizona,Vermont,2023,13.426527058439277
Arizona,Virginia,2023,5.2210148111081045
Arizona,West Virginia,2023,3.661547639490046
Arizona,Xavier,2023,2.282676008314201
Arizona St,Arkansas,2023,-8.677298678087926
Arizona St,Auburn,2023,-8.703028104400413
Arizona St,Baylor,2023,-11.849032394669846
Arizona St,Boise St,2023,-2.70067845790371
Arizona St,Col Charleston,2023,-4.078370392175822
Arizona St,Colgate,2023,4.413065693972938
Arizona St,Connecticut,2023,-10.501807645948782
Arizona St,Creighton,2023,-7.49933752315216
Arizona St,Drake,2023,-8.199440463237696
Arizona St,Duke,2023,-9.3217370078709
Arizona St,F Dickinson,2023,12.679819602958982
Arizona St,FL Atlantic,2023,-6.632341488025568
Arizona St,Furman,2023,1.3748104381386983
Arizona St,Gonzaga,2023,-12.319044936032208
Arizona St,Grand Canyon,2023,-0.030321721008391325
Arizona St,Houston,2023,-11.940318389081128
Arizona St,Howard,2023,7.437817401350449
Arizona St,Illinois,2023,-15.773583418321682
Arizona St,Indiana,2023,-7.1733087892807905
Arizona St,Iona,2023,-0.7208075568559653
Arizona St,Iowa,2023,-11.592225714005078
Arizona St,Iowa St,2023,-6.26527444428746
Arizona St,Kansas,2023,-12.920771039121249
Arizona St,Kansas St,2023,-10.352496526077893
Arizona St,Kennesaw,2023,8.276741365846904
Arizona St,Kent,2023,-2.6821053278430083
Arizona St,Kentucky,2023,-10.753565894718635
Arizona St,Marquette,2023,-8.17244219185121
Arizona St,Maryland,2023,-8.689277334473747
Arizona St,Memphis,2023,-4.504361900049693
Arizona St,Miami FL,2023,-9.173565303732085
Arizona St,Michigan St,2023,-8.484600769490115
Arizona St,Mississippi St,2023,-3.5410919014093265
Arizona St,Missouri,2023,-8.543611741542707
Arizona St,Montana St,2023,1.8131639704094018
Arizona St,N Kentucky,2023,3.8452948941866882
Arizona St,NC State,2023,-5.81004789491225
Arizona St,Nevada,2023,-9.65696387782007
Arizona St,Northwestern,2023,-3.3770410842504557
Arizona St,Oral Roberts,2023,-8.55312800164889
Arizona St,Penn St,2023,-4.683895114916946
Arizona St,Pittsburgh,2023,-4.323467917186876
Arizona St,Princeton,2023,5.796975298809185
Arizona St,Providence,2023,-7.401320771817493
Arizona St,Purdue,2023,-8.308770465187482
Arizona St,San Diego St,2023,-5.541775603453196
Arizona St,UC Santa Barbara,2023,4.406151518711185
Arizona St,SE Missouri St,2023,8.799209374528887
Arizona St,St Mary's CA,2023,-13.264967728308772
Arizona St,TAM C. Christi,2023,7.982462630368831
Arizona St,TCU,2023,-6.777068741282745
Arizona St,Tennessee,2023,-11.068363613741957
Arizona St,Texas,2023,-8.269810826723663
Arizona St,Texas A&M,2023,-8.430768361385605
Arizona St,TX Southern,2023,13.169089395401647
Arizona St,UCLA,2023,-12.022950618249288
Arizona St,Louisiana,2023,2.0979766219967084
Arizona St,UNC Asheville,2023,3.8718411722724024
Arizona St,USC,2023,-10.816292456067412
Arizona St,Utah St,2023,-6.617433954272617
Arizona St,VCU,2023,-3.605867207661825
Arizona St,Vermont,2023,0.6597390849097774
Arizona St,Virginia,2023,-7.268412973916669
Arizona St,West Virginia,2023,-12.414318108017396
Arizona St,Xavier,2023,-7.203774722987664
Arkansas,Auburn,2023,4.20225216129338
Arkansas,Baylor,2023,0.2336287866355459
Arkansas,Boise St,2023,4.287696852211
Arkansas,Col Charleston,2023,13.384146852014808
Arkansas,Colgate,2023,9.597487021759417
Arkansas,Connecticut,2023,-3.296624759625412
Arkansas,Creighton,2023,1.215439427427594
Arkansas,Drake,2023,6.849347831515973
Arkansas,Duke,2023,-2.5584261709354315
Arkansas,F Dickinson,2023,18.24780064625242
Arkansas,FL Atlantic,2023,3.5092419271837554
Arkansas,Furman,2023,8.920490893760114
Arkansas,Gonzaga,2023,-4.940009154198063
Arkansas,Grand Canyon,2023,10.719133850417393
Arkansas,Houston,2023,-3.360890346413629
Arkansas,Howard,2023,15.974398578411993
Arkansas,Illinois,2023,2.479148539211745
Arkansas,Indiana,2023,3.733376214020986
Arkansas,Iona,2023,10.245026684772744
Arkansas,Iowa,2023,5.029917901564324
Arkansas,Iowa St,2023,-0.7038630742427183
Arkansas,Kansas,2023,-3.696104250264994
Arkansas,Kansas St,2023,0.6911434493871673
Arkansas,Kennesaw,2023,11.052912242327864
Arkansas,Kent,2023,8.168339210624868
Arkansas,Kentucky,2023,2.1209934192877182
Arkansas,Marquette,2023,-0.14362432194372304
Arkansas,Maryland,2023,2.976102077950943
Arkansas,Memphis,2023,0.8529260144858296
Arkansas,Miami FL,2023,4.442959660130973
Arkansas,Michigan St,2023,2.689277950860373
Arkansas,Mississippi St,2023,7.944617347866656
Arkansas,Missouri,2023,3.669418184106357
Arkansas,Montana St,2023,13.364972739735137
Arkansas,N Kentucky,2023,16.15027286174135
Arkansas,NC State,2023,5.6532137059223695
Arkansas,Nevada,2023,7.771445879415795
Arkansas,Northwestern,2023,8.130768992981798
Arkansas,Oral Roberts,2023,5.231521529753975
Arkansas,Penn St,2023,7.37419229025109
Arkansas,Pittsburgh,2023,6.805612108917989
Arkansas,Princeton,2023,12.384917816630539
Arkansas,Providence,2023,5.194941240129305
Arkansas,Purdue,2023,-2.8499371189595615
Arkansas,San Diego St,2023,2.851842203695586
Arkansas,UC Santa Barbara,2023,10.799810339039935
Arkansas,SE Missouri St,2023,23.449784687704383
Arkansas,St Mary's CA,2023,0.11501832640274959
Arkansas,TAM C. Christi,2023,13.980413647255936
Arkansas,TCU,2023,11.522079667665276
Arkansas,Tennessee,2023,-2.8201745430749234
Arkansas,Texas,2023,-2.158825183447773
Arkansas,Texas A&M,2023,3.4601537389280175
Arkansas,TX Southern,2023,30.127920182333465
Arkansas,UCLA,2023,0.1990192948847165
Arkansas,Louisiana,2023,7.794821755312655
Arkansas,UNC Asheville,2023,15.489186594729523
Arkansas,USC,2023,1.5622344007553326
Arkansas,Utah St,2023,1.9695247952954515
Arkansas,VCU,2023,4.970337544272957
Arkansas,Vermont,2023,8.629660509711773
Arkansas,Virginia,2023,3.0867500140070705
Arkansas,West Virginia,2023,0.43494710949686505
Arkansas,Xavier,2023,-1.5185007766084881
Auburn,Baylor,2023,-5.2693656240039175
Auburn,Boise St,2023,1.6610941401670605
Auburn,Col Charleston,2023,4.833645471105537
Auburn,Colgate,2023,12.344154432229523
Auburn,Connecticut,2023,-3.588527094224178
Auburn,Creighton,2023,-3.687521439159854
Auburn,Drake,2023,1.4763266318175108
Auburn,Duke,2023,-3.3315216806058796
Auburn,F Dickinson,2023,16.31831291229741
Auburn,FL Atlantic,2023,-1.6715382131092165
Auburn,Furman,2023,7.2817636895398685
Auburn,Gonzaga,2023,-15.759290974914258
Auburn,Grand Canyon,2023,6.7219921371176214
Auburn,Houston,2023,-7.273524805542483
Auburn,Howard,2023,12.141451104741291
Auburn,Illinois,2023,-4.951487525858592
Auburn,Indiana,2023,-2.1784047269196036
Auburn,Iona,2023,3.4728903442740835
Auburn,Iowa,2023,0.055893374409104836
Auburn,Iowa St,2023,-3.5659972278079293
Auburn,Kansas,2023,-2.4989180555826427
Auburn,Kansas St,2023,-3.1643967903164363
Auburn,Kennesaw,2023,7.237211949267573
Auburn,Kent,2023,2.515745316898812
Auburn,Kentucky,2023,-1.7524421852397851
Auburn,Marquette,2023,-5.339927067863596
Auburn,Maryland,2023,1.0060481762436242
Auburn,Memphis,2023,-1.9916841191967694
Auburn,Miami FL,2023,-10.486704714482302
Auburn,Michigan St,2023,-2.6959828212856998
Auburn,Mississippi St,2023,4.603899795533209
Auburn,Missouri,2023,2.2964991213632158
Auburn,Montana St,2023,7.750483547751403
Auburn,N Kentucky,2023,11.257689430451558
Auburn,NC State,2023,0.6106911235866129
Auburn,Nevada,2023,2.742028594986909
Auburn,Northwestern,2023,2.9941084519554346
Auburn,Oral Roberts,2023,2.0362525405666276
Auburn,Penn St,2023,1.159063480770919
Auburn,Pittsburgh,2023,0.3771619011987382
Auburn,Princeton,2023,10.193284500720695
Auburn,Providence,2023,4.52473593908394
Auburn,Purdue,2023,-9.963275115153719
Auburn,San Diego St,2023,0.3174368018851309
Auburn,UC Santa Barbara,2023,6.597053774131346
Auburn,SE Missouri St,2023,17.907489833617586
Auburn,St Mary's CA,2023,-3.349016470304907
Auburn,TAM C. Christi,2023,15.513709663073065
Auburn,TCU,2023,1.223877623896093
Auburn,Tennessee,2023,-5.880881369769168
Auburn,Texas,2023,-4.04692397561012
Auburn,Texas A&M,2023,-0.14066251581635236
Auburn,TX Southern,2023,23.39305364762616
Auburn,UCLA,2023,-6.684246156859679
Auburn,Louisiana,2023,11.35972842616783
Auburn,UNC Asheville,2023,7.997328732642675
Auburn,USC,2023,-0.12820086045985077
Auburn,Utah St,2023,0.4285055184096685
Auburn,VCU,2023,1.7509307944174721
Auburn,Vermont,2023,6.983734858741846
Auburn,Virginia,2023,0.2264706106159326
Auburn,West Virginia,2023,-10.196517642484473
Auburn,Xavier,2023,-5.265934700345153
Baylor,Boise St,2023,4.986471361156907
Baylor,Col Charleston,2023,6.75961494896544
Baylor,Colgate,2023,11.781178321787086
Baylor,Connecticut,2023,0.24089777095058784
Baylor,Creighton,2023,9.864010434311977
Baylor,Drake,2023,7.688377366741322
Baylor,Duke,2023,2.1050285038039833
Baylor,F Dickinson,2023,17.03434291806519
Baylor,FL Atlantic,2023,4.10997724348145
Baylor,Furman,2023,9.927526381020465
Baylor,Gonzaga,2023,-3.1987292843276687
Baylor,Grand Canyon,2023,12.34551898297833
Baylor,Houston,2023,-1.3899949744465565
Baylor,Howard,2023,15.808484622315767
Baylor,Illinois,2023,3.837909578083982
Baylor,Indiana,2023,3.809163869804666
Baylor,Iona,2023,8.490241226533591
Baylor,Iowa,2023,6.175414514394198
Baylor,Iowa St,2023,3.881531845309669
Baylor,Kansas,2023,-3.2849339786198395
Baylor,Kansas St,2023,5.773740915739392
Baylor,Kennesaw,2023,11.974268303711874
Baylor,Kent,2023,9.59223140341964
Baylor,Kentucky,2023,2.7655977158322456
Baylor,Marquette,2023,-6.7670304858648676
Baylor,Maryland,2023,3.7566395048077617
Baylor,Memphis,2023,8.185555756996342
Baylor,Miami FL,2023,3.9406474053736518
Baylor,Michigan St,2023,4.973856796314701
Baylor,Mississippi St,2023,7.183108571926023
Baylor,Missouri,2023,5.105981094172727
Baylor,Montana St,2023,10.664878585065786
Baylor,N Kentucky,2023,15.390042035504068
Baylor,NC State,2023,6.376660335431194
Baylor,Nevada,2023,3.1306258484878975
Baylor,Northwestern,2023,12.059620260764689
Baylor,Oral Roberts,2023,9.361661543552112
Baylor,Penn St,2023,7.528200127773954
Baylor,Pittsburgh,2023,7.936192474990524
Baylor,Princeton,2023,15.136574296365723
Baylor,Providence,2023,7.899401262071146
Baylor,Purdue,2023,-2.695100575266508
Baylor,San Diego St,2023,7.5153168914872035
Baylor,UC Santa Barbara,2023,11.727335793545837
Baylor,SE Missouri St,2023,18.019066014985892
Baylor,St Mary's CA,2023,2.631438235719142
Baylor,TAM C. Christi,2023,15.63164571239238
Baylor,TCU,2023,5.048824625331789
Baylor,Tennessee,2023,-0.5016260755305736
Baylor,Texas,2023,0.14220297523447348
Baylor,Texas A&M,2023,5.1051744503132515
Baylor,TX Southern,2023,27.602340664278596
Baylor,UCLA,2023,-2.079317209317543
Baylor,Louisiana,2023,11.166823595294467
Baylor,UNC Asheville,2023,13.86693334082815
Baylor,USC,2023,3.0853398589839944
Baylor,Utah St,2023,4.025200351752396
Baylor,VCU,2023,5.510458055220906
Baylor,Vermont,2023,11.91684660381362
Baylor,Virginia,2023,3.4038525185755137
Baylor,West Virginia,2023,1.3207231210398942
Baylor,Xavier,2023,3.6945124556468647
Boise St,Col Charleston,2023,0.30319349157888387
Boise St,Colgate,2023,2.8448005315629517
Boise St,Connecticut,2023,-6.540884129285587
Boise St,Creighton,2023,-1.3962267876111323
Boise St,Drake,2023,-1.0513553796963921
Boise St,Duke,2023,-4.492743393140662
Boise St,F Dickinson,2023,13.987226440445916
Boise St,FL Atlantic,2023,-4.119566809623177
Boise St,Furman,2023,0.6968157532545702
Boise St,Gonzaga,2023,-12.025540410724425
Boise St,Grand Canyon,2023,3.849261828240271
Boise St,Houston,2023,-8.900483191559294
Boise St,Howard,2023,9.675979978434848
Boise St,Illinois,2023,-2.8105376945252374
Boise St,Indiana,2023,-6.200412803045428
Boise St,Iona,2023,1.248333434884058
Boise St,Iowa,2023,-2.167082017524206
Boise St,Iowa St,2023,-3.213295894055729
Boise St,Kansas,2023,-4.664453011945781
Boise St,Kansas St,2023,-6.777614046419135
Boise St,Kennesaw,2023,6.548967186127879
Boise St,Kent,2023,1.2542485412402562
Boise St,Kentucky,2023,-3.062663196545775
Boise St,Marquette,2023,-6.6750320411712725
Boise St,Maryland,2023,-0.34123756646776365
Boise St,Memphis,2023,-8.290802803972953
Boise St,Miami FL,2023,-7.126835977977197
Boise St,Michigan St,2023,-5.072894297449962
Boise St,Mississippi St,2023,3.44834607516208
Boise St,Missouri,2023,1.9858616350067566
Boise St,Montana St,2023,5.3102374649420145
Boise St,N Kentucky,2023,9.786928183322905
Boise St,NC State,2023,0.15123126984284474
Boise St,Nevada,2023,-0.34500936993781584
Boise St,Northwestern,2023,1.8767164880585585
Boise St,Oral Roberts,2023,-0.17024744946056664
Boise St,Penn St,2023,0.8917788428149881
Boise St,Pittsburgh,2023,0.4887181625354045
Boise St,Princeton,2023,7.1447978783262736
Boise St,Providence,2023,1.7716355111340336
Boise St,Purdue,2023,-7.864365894959211
Boise St,San Diego St,2023,-0.10815812548531482
Boise St,UC Santa Barbara,2023,2.8875388078325477
Boise St,SE Missouri St,2023,14.35697025594729
Boise St,St Mary's CA,2023,-3.9216706181569148
Boise St,TAM C. Christi,2023,7.968733322441617
Boise St,TCU,2023,-1.4202614018327728
Boise St,Tennessee,2023,-5.8542991272639915
Boise St,Texas,2023,-6.035941238193567
Boise St,Texas A&M,2023,-2.4827655681197247
Boise St,TX Southern,2023,25.236142637128438
Boise St,UCLA,2023,-8.474265997137039
Boise St,Louisiana,2023,3.0009417493565103
Boise St,UNC Asheville,2023,6.277792375047799
Boise St,USC,2023,-10.024178980802104
Boise St,Utah St,2023,-2.636705089217059
Boise St,VCU,2023,1.329782553537154
Boise St,Vermont,2023,6.352076243289836
Boise St,Virginia,2023,-2.6115286633995876
Boise St,West Virginia,2023,-7.565545068647756
Boise St,Xavier,2023,-4.991705179515055
Col Charleston,Colgate,2023,0.6332300516313942
Col Charleston,Connecticut,2023,-8.847429142984318
Col Charleston,Creighton,2023,-6.347545317537037
Col Charleston,Drake,2023,-4.412789695814737
Col Charleston,Duke,2023,-4.777735279453311
Col Charleston,F Dickinson,2023,14.652200936742252
Col Charleston,FL Atlantic,2023,-3.08043646836666
Col Charleston,Furman,2023,3.0881275236945767
Col Charleston,Gonzaga,2023,-12.106211423414988
Col Charleston,Grand Canyon,2023,0.7557392248219176
Col Charleston,Houston,2023,-10.150255413158511
Col Charleston,Howard,2023,9.678273530922556
Col Charleston,Illinois,2023,-6.116652588421428
Col Charleston,Indiana,2023,-4.569868456822427
Col Charleston,Iona,2023,0.5453401818047615
Col Charleston,Iowa,2023,-4.957421755398194
Col Charleston,Iowa St,2023,-4.125483975559805
Col Charleston,Kansas,2023,-6.907938995698288
Col Charleston,Kansas St,2023,-7.8271213173207626
Col Charleston,Kennesaw,2023,4.109498685651394
Col Charleston,Kent,2023,0.15824462142925536
Col Charleston,Kentucky,2023,-10.727734705496037
Col Charleston,Marquette,2023,-7.362082973507426
Col Charleston,Maryland,2023,-4.21790285690555
Col Charleston,Memphis,2023,-2.9489484598229296
Col Charleston,Miami FL,2023,-12.492136021577974
Col Charleston,Michigan St,2023,-4.455705060262778
Col Charleston,Mississippi St,2023,0.6349854092713704
Col Charleston,Missouri,2023,-4.587051360957821
Col Charleston,Montana St,2023,4.124876483500443
Col Charleston,N Kentucky,2023,7.465327803569105
Col Charleston,NC State,2023,-3.464266578132373
Col Charleston,Nevada,2023,-4.843546027825672
Col Charleston,Northwestern,2023,-3.4667699334234623
Col Charleston,Oral Roberts,2023,-12.205676020232266
Col Charleston,Penn St,2023,-0.7310294738525345
Col Charleston,Pittsburgh,2023,0.3576616959937513
Col Charleston,Princeton,2023,4.896042472361947
Col Charleston,Providence,2023,-1.2156367942914452
Col Charleston,Purdue,2023,-10.525912823687477
Col Charleston,San Diego St,2023,-4.602157780134902
Col Charleston,UC Santa Barbara,2023,1.1319595419237343
Col Charleston,SE Missouri St,2023,10.81601191010793
Col Charleston,St Mary's CA,2023,-5.831157960244204
Col Charleston,TAM C. Christi,2023,9.210411861300857
Col Charleston,TCU,2023,-3.909019340196331
Col Charleston,Tennessee,2023,-9.689335070086223
Col Charleston,Texas,2023,-7.3989566831889615
Col Charleston,Texas A&M,2023,-6.318958852070577
Col Charleston,TX Southern,2023,15.282675357120558
Col Charleston,UCLA,2023,-10.263928582280213
Col Charleston,Louisiana,2023,1.9689790010568107
Col Charleston,UNC Asheville,2023,6.766643702830539
Col Charleston,USC,2023,-7.413290817371452
Col Charleston,Utah St,2023,-4.834886782044885
Col Charleston,VCU,2023,0.9339811104146402
Col Charleston,Vermont,2023,5.944602893367757
Col Charleston,Virginia,2023,-4.080440598902171
Col Charleston,West Virginia,2023,-14.954331891955874
Col Charleston,Xavier,2023,-6.148815978170172
Colgate,Connecticut,2023,-11.490330505824195
Colgate,Creighton,2023,-8.464767773529623
Colgate,Drake,2023,-5.187984496561071
Colgate,Duke,2023,-9.703036004398017
Colgate,F Dickinson,2023,17.01886826996244
Colgate,FL Atlantic,2023,-3.7789103586178805
Colgate,Furman,2023,0.32401777071575055
Colgate,Gonzaga,2023,-13.914621545884868
Colgate,Grand Canyon,2023,3.802810958197416
Colgate,Houston,2023,-13.931563438434289
Colgate,Howard,2023,9.167285448463625
Colgate,Illinois,2023,-7.191060606061217
Colgate,Indiana,2023,-7.905605242387509
Colgate,Iona,2023,-0.8605134206239233
Colgate,Iowa,2023,-6.779447739756111
Colgate,Iowa St,2023,-6.516829059710274
Colgate,Kansas,2023,-10.985047044508796
Colgate,Kansas St,2023,-10.506659479324338
Colgate,Kennesaw,2023,14.649715164885272
Colgate,Kent,2023,-2.4910703976250876
Colgate,Kentucky,2023,-6.983041508642711
Colgate,Marquette,2023,-11.466412975421676
Colgate,Maryland,2023,-8.187075810709443
Colgate,Memphis,2023,-5.146509198278413
Colgate,Miami FL,2023,-8.622974275334292
Colgate,Michigan St,2023,-7.6614160968651825
Colgate,Mississippi St,2023,-3.472003366633061
Colgate,Missouri,2023,-7.4470553119160705
Colgate,Montana St,2023,2.3417303578831734
Colgate,N Kentucky,2023,6.895770713823198
Colgate,NC State,2023,-2.894494664867914
Colgate,Nevada,2023,-7.905054633857385
Colgate,Northwestern,2023,-8.137415996214674
Colgate,Oral Roberts,2023,-9.283780940134944
Colgate,Penn St,2023,-6.344450484275629
Colgate,Pittsburgh,2023,-5.742462713523097
Colgate,Princeton,2023,3.8333067353520835
Colgate,Providence,2023,-7.278054263407034
Colgate,Purdue,2023,-13.378599783826303
Colgate,San Diego St,2023,-8.220657195124064
Colgate,UC Santa Barbara,2023,1.0632266382140798
Colgate,SE Missouri St,2023,10.151296646007559
Colgate,St Mary's CA,2023,-9.263365032808862
Colgate,TAM C. Christi,2023,8.943352253545184
Colgate,TCU,2023,-8.449070857615443
Colgate,Tennessee,2023,-12.509414202223839
Colgate,Texas,2023,-10.26503900844359
Colgate,Texas A&M,2023,-9.427985576841165
Colgate,TX Southern,2023,14.237007143622556
Colgate,UCLA,2023,-14.023515445051306
Colgate,Louisiana,2023,0.9923167470482634
Colgate,UNC Asheville,2023,5.734363727529034
Colgate,USC,2023,-8.987204944499148
Colgate,Utah St,2023,-6.014744374377286
Colgate,VCU,2023,-3.2259002886866814
Colgate,Vermont,2023,1.7969015033121638
Colgate,Virginia,2023,-7.793890623705874
Colgate,West Virginia,2023,-10.994438527399547
Colgate,Xavier,2023,-8.99644692877531
Connecticut,Creighton,2023,2.5796812529531103
Connecticut,Drake,2023,3.078202780044153
Connecticut,Duke,2023,-0.22328438579706225
Connecticut,F Dickinson,2023,27.204781854494136
Connecticut,FL Atlantic,2023,0.9175783120903312
Connecticut,Furman,2023,11.565451677743487
Connecticut,Gonzaga,2023,-10.316959526650255
Connecticut,Grand Canyon,2023,8.00266914043977
Connecticut,Houston,2023,-3.8689883611100195
Connecticut,Howard,2023,15.578332075584859
Connecticut,Illinois,2023,3.858873477324541
Connecticut,Indiana,2023,0.7069104489279137
Connecticut,Iona,2023,12.807316565046277
Connecticut,Iowa,2023,1.7237305504476086
Connecticut,Iowa St,2023,4.905448007561049
Connecticut,Kansas,2023,-2.5466558655327476
Connecticut,Kansas St,2023,0.9191364330779246
Connecticut,Kennesaw,2023,10.356683180322333
Connecticut,Kent,2023,4.512011745893801
Connecticut,Kentucky,2023,2.59308544027633
Connecticut,Marquette,2023,3.0651747975808674
Connecticut,Maryland,2023,4.772988741451287
Connecticut,Memphis,2023,1.4188810468839892
Connecticut,Miami FL,2023,1.431287190155283
Connecticut,Michigan St,2023,1.5630234086717814
Connecticut,Mississippi St,2023,5.3115254733656885
Connecticut,Missouri,2023,3.882107919107834
Connecticut,Montana St,2023,8.077100115131437
Connecticut,N Kentucky,2023,11.877984076839459
Connecticut,NC State,2023,4.798778089507191
Connecticut,Nevada,2023,7.410477638466583
Connecticut,Northwestern,2023,4.3796647117203085
Connecticut,Oral Roberts,2023,4.768645335930698
Connecticut,Penn St,2023,5.056845116985234
Connecticut,Pittsburgh,2023,5.349710406462408
Connecticut,Princeton,2023,9.312255869610413
Connecticut,Providence,2023,4.923612590743641
Connecticut,Purdue,2023,-0.8004171968532086
Connecticut,San Diego St,2023,4.702616725634457
Connecticut,UC Santa Barbara,2023,7.630921879842762
Connecticut,SE Missouri St,2023,19.229136701143183
Connecticut,St Mary's CA,2023,9.863067416693571
Connecticut,TAM C. Christi,2023,11.459068447220702
Connecticut,TCU,2023,4.708279996809438
Connecticut,Tennessee,2023,0.5334618811983409
Connecticut,Texas,2023,1.5310352819787738
Connecticut,Texas A&M,2023,8.041012010148707
Connecticut,TX Southern,2023,29.386915888412048
Connecticut,UCLA,2023,-1.7407848669226182
Connecticut,Louisiana,2023,7.310303399516538
Connecticut,UNC Asheville,2023,17.51812005715052
Connecticut,USC,2023,4.396548424407264
Connecticut,Utah St,2023,4.7578284078463104
Connecticut,VCU,2023,4.68407074258391
Connecticut,Vermont,2023,9.80654995326617
Connecticut,Virginia,2023,5.15349055883033
Connecticut,West Virginia,2023,3.7601288380542797
Connecticut,Xavier,2023,1.944362199759431
Creighton,Drake,2023,2.1062990666935604
Creighton,Duke,2023,-8.703821490896333
Creighton,F Dickinson,2023,15.597417837379531
Creighton,FL Atlantic,2023,-1.4804049765976257
Creighton,Furman,2023,7.636226877784387
Creighton,Gonzaga,2023,-12.64243678210503
Creighton,Grand Canyon,2023,5.8191314244877965
Creighton,Houston,2023,-4.1760004738708485
Creighton,Howard,2023,11.619106431528266
Creighton,Illinois,2023,2.6530774275827076
Creighton,Indiana,2023,-7.428945942078405
Creighton,Iona,2023,4.519272970939039
Creighton,Iowa,2023,2.3099082819190295
Creighton,Iowa St,2023,0.5719288366801818
Creighton,Kansas,2023,-4.9220381544211005
Creighton,Kansas St,2023,-3.6899531372326146
Creighton,Kennesaw,2023,8.83207664545396
Creighton,Kent,2023,0.9625700371520568
Creighton,Kentucky,2023,0.234123236593759
Creighton,Marquette,2023,-1.508715279957089
Creighton,Maryland,2023,2.5995201547414037
Creighton,Memphis,2023,-1.2892070484377514
Creighton,Miami FL,2023,-2.712083851670765
Creighton,Michigan St,2023,1.4574410709739083
Creighton,Mississippi St,2023,4.307728378084583
Creighton,Missouri,2023,4.529318754776984
Creighton,Montana St,2023,6.6966676281521895
Creighton,N Kentucky,2023,10.386200567998475
Creighton,NC State,2023,2.1001376981210087
Creighton,Nevada,2023,4.562245935125731
Creighton,Northwestern,2023,2.478308292340817
Creighton,Oral Roberts,2023,1.820363967016898
Creighton,Penn St,2023,1.6184157306756148
Creighton,Pittsburgh,2023,0.8530134702052885
Creighton,Princeton,2023,9.3597541853419
Creighton,Providence,2023,3.70905631106191
Creighton,Purdue,2023,-4.298206770511222
Creighton,San Diego St,2023,-0.28725167655951733
Creighton,UC Santa Barbara,2023,5.344430388398835
Creighton,SE Missouri St,2023,20.97251654888187
Creighton,St Mary's CA,2023,-2.949606518080385
Creighton,TAM C. Christi,2023,9.921151160341687
Creighton,TCU,2023,5.30223695550088
Creighton,Tennessee,2023,-5.926937631719366
Creighton,Texas,2023,-3.2917802964814795
Creighton,Texas A&M,2023,-2.015599013150843
Creighton,TX Southern,2023,26.9376078436943
Creighton,UCLA,2023,-3.5622715697809646
Creighton,Louisiana,2023,3.433205341548622
Creighton,UNC Asheville,2023,8.60704144855735
Creighton,USC,2023,3.753984362755387
Creighton,Utah St,2023,0.18269576795093673
Creighton,VCU,2023,2.2194617285415394
Creighton,Vermont,2023,6.576081362584185
Creighton,Virginia,2023,1.8922988312992444
Creighton,West Virginia,2023,0.35516019023498496
Creighton,Xavier,2023,-3.0399631657588166
Drake,Duke,2023,-3.9769702322120355
Drake,F Dickinson,2023,19.40503807802172
Drake,FL Atlantic,2023,-1.219763237151574
Drake,Furman,2023,4.593441450974509
Drake,Gonzaga,2023,-11.936666370210187
Drake,Grand Canyon,2023,3.689409326993028
Drake,Houston,2023,-10.599850903819549
Drake,Howard,2023,13.501229702054827
Drake,Illinois,2023,-1.084799694410169
Drake,Indiana,2023,-3.4346949741440733
Drake,Iona,2023,3.6117157353002045
Drake,Iowa,2023,-2.293681625266387
Drake,Iowa St,2023,-3.694485319218747
Drake,Kansas,2023,-6.419900931894993
Drake,Kansas St,2023,-2.7310722471443825
Drake,Kennesaw,2023,14.461838407413309
Drake,Kent,2023,3.680613305954191
Drake,Kentucky,2023,-2.1211508257440572
Drake,Marquette,2023,-4.286025695851857
Drake,Maryland,2023,-0.054480444311668756
Drake,Memphis,2023,-1.950731822787566
Drake,Miami FL,2023,-5.256542063050627
Drake,Michigan St,2023,-0.35218818448166345
Drake,Mississippi St,2023,1.2543889330860805
Drake,Missouri,2023,0.3722481710616977
Drake,Montana St,2023,7.545113066336276
Drake,N Kentucky,2023,9.390704484035497
Drake,NC State,2023,0.5318042562998548
Drake,Nevada,2023,-2.0737741920402444
Drake,Northwestern,2023,-1.0524529044711028
Drake,Oral Roberts,2023,0.6337898437977169
Drake,Penn St,2023,1.3163166913364115
Drake,Pittsburgh,2023,1.1353530817075514
Drake,Princeton,2023,9.332222408232132
Drake,Providence,2023,1.0723449538256085
Drake,Purdue,2023,-8.151255367118557
Drake,San Diego St,2023,-2.8043093944451076
Drake,UC Santa Barbara,2023,3.505684684652829
Drake,SE Missouri St,2023,22.00756209471928
Drake,St Mary's CA,2023,-3.8913153392822606
Drake,TAM C. Christi,2023,10.821561826820844
Drake,TCU,2023,0.37397003572351895
Drake,Tennessee,2023,-6.004850090009233
Drake,Texas,2023,-4.401740870381328
Drake,Texas A&M,2023,-4.600284683317001
Drake,TX Southern,2023,23.75369248259487
Drake,UCLA,2023,-9.706859371653149
Drake,Louisiana,2023,6.560513821994449
Drake,UNC Asheville,2023,10.550323138202113
Drake,USC,2023,-6.13727607742644
Drake,Utah St,2023,-3.673308667507328
Drake,VCU,2023,-0.08589465959297378
Drake,Vermont,2023,6.470370420453641
Drake,Virginia,2023,-5.102980575351321
Drake,West Virginia,2023,-7.51060182762496
Drake,Xavier,2023,-5.641310604120295
Duke,F Dickinson,2023,19.36921267234483
Duke,FL Atlantic,2023,12.564863226392793
Duke,Furman,2023,11.42823603357171
Duke,Gonzaga,2023,-7.893274865274601
Duke,Grand Canyon,2023,10.022599272844403
Duke,Houston,2023,-7.944540128272571
Duke,Howard,2023,12.468521088375317
Duke,Illinois,2023,2.280429811600389
Duke,Indiana,2023,0.7432893262065631
Duke,Iona,2023,8.259507776147176
Duke,Iowa,2023,5.459887674582753
Duke,Iowa St,2023,7.149270323347622
Duke,Kansas,2023,-2.8295086606671878
Duke,Kansas St,2023,-1.2274648082261606
Duke,Kennesaw,2023,7.750973669255253
Duke,Kent,2023,6.869211222682078
Duke,Kentucky,2023,1.328069227900854
Duke,Marquette,2023,-0.9269500746756103
Duke,Maryland,2023,1.3645499135326729
Duke,Memphis,2023,2.8059661084725462
Duke,Miami FL,2023,-3.111021434952264
Duke,Michigan St,2023,3.554732496252246
Duke,Mississippi St,2023,5.841411561264048
Duke,Missouri,2023,3.467287018769651
Duke,Montana St,2023,7.910124686774918
Duke,N Kentucky,2023,11.156958882535605
Duke,NC State,2023,4.37095795570713
Duke,Nevada,2023,5.359578473376006
Duke,Northwestern,2023,3.673556037217082
Duke,Oral Roberts,2023,4.575075695537619
Duke,Penn St,2023,4.098072204653191
Duke,Pittsburgh,2023,5.561673431235104
Duke,Princeton,2023,15.54487584436612
Duke,Providence,2023,4.824480157928027
Duke,Purdue,2023,-4.441532079610538
Duke,San Diego St,2023,0.11304102063436332
Duke,UC Santa Barbara,2023,7.263507046713172
Duke,SE Missouri St,2023,20.54943129345973
Duke,St Mary's CA,2023,-0.12233984896932718
Duke,TAM C. Christi,2023,12.058105750085481
Duke,TCU,2023,0.20792698237619117
Duke,Tennessee,2023,-1.4828621816350143
Duke,Texas,2023,-0.8824669652758748
Duke,Texas A&M,2023,-0.9622230956713473
Duke,TX Southern,2023,21.740379853306653
Duke,UCLA,2023,-4.047819166299116
Duke,Louisiana,2023,5.341705335843884
Duke,UNC Asheville,2023,15.231754157672402
Duke,USC,2023,4.506669580162767
Duke,Utah St,2023,9.874395802966704
Duke,VCU,2023,2.713592543920438
Duke,Vermont,2023,8.830096370397458
Duke,Virginia,2023,0.8854325396307097
Duke,West Virginia,2023,-3.462055830483319
Duke,Xavier,2023,-0.5360142438161579
F Dickinson,FL Atlantic,2023,-24.177208404755664
F Dickinson,Furman,2023,-19.387628456872406
F Dickinson,Gonzaga,2023,-30.016903160080105
F Dickinson,Grand Canyon,2023,-18.032033750322714
F Dickinson,Houston,2023,-19.9282664606913
F Dickinson,Howard,2023,-4.648869722023007
F Dickinson,Illinois,2023,-20.17652930152959
F Dickinson,Indiana,2023,-24.080588724421208
F Dickinson,Iona,2023,-20.74580542469563
F Dickinson,Iowa,2023,-23.700038814118372
F Dickinson,Iowa St,2023,-17.534892380615997
F Dickinson,Kansas,2023,-20.77942991931924
F Dickinson,Kansas St,2023,-20.247162910006033
F Dickinson,Kennesaw,2023,-13.06708611236593
F Dickinson,Kent,2023,-17.05599916749511
F Dickinson,Kentucky,2023,-22.857764784971863
F Dickinson,Marquette,2023,-20.078130745589217
F Dickinson,Maryland,2023,-21.98401168131693
F Dickinson,Memphis,2023,-23.751307515101956
F Dickinson,Miami FL,2023,-24.27741972840927
F Dickinson,Michigan St,2023,-23.743165011691186
F Dickinson,Mississippi St,2023,-18.63479560091969
F Dickinson,Missouri,2023,-23.73034110328235
F Dickinson,Montana St,2023,-13.298739726071993
F Dickinson,N Kentucky,2023,-9.487046274647962
F Dickinson,NC State,2023,-22.640905794157646
F Dickinson,Nevada,2023,-19.56634665986584
F Dickinson,Northwestern,2023,-21.8179754594601
F Dickinson,Oral Roberts,2023,-22.025298389135987
F Dickinson,Penn St,2023,-20.578623821094382
F Dickinson,Pittsburgh,2023,-24.35314157537515
F Dickinson,Princeton,2023,-14.267102561501257
F Dickinson,Providence,2023,-21.35590715188347
F Dickinson,Purdue,2023,-21.152030640327997
F Dickinson,San Diego St,2023,-18.424106624389808
F Dickinson,UC Santa Barbara,2023,-16.682519138330225
F Dickinson,SE Missouri St,2023,-5.903289343477974
F Dickinson,St Mary's CA,2023,-19.45330568678445
F Dickinson,TAM C. Christi,2023,-8.307127436134882
F Dickinson,TCU,2023,-18.59748024656697
F Dickinson,Tennessee,2023,-21.986992316204763
F Dickinson,Texas,2023,-18.717222762467078
F Dickinson,Texas A&M,2023,-20.160307955397645
F Dickinson,TX Southern,2023,2.231392169855242
F Dickinson,UCLA,2023,-19.823643717118035
F Dickinson,Louisiana,2023,-19.083529854208383
F Dickinson,UNC Asheville,2023,-11.283473358878393
F Dickinson,USC,2023,-19.325615882311244
F Dickinson,Utah St,2023,-21.628859467983762
F Dickinson,VCU,2023,-26.498344045654438
F Dickinson,Vermont,2023,-21.093603803845614
F Dickinson,Virginia,2023,-20.4895099516554
F Dickinson,West Virginia,2023,-19.536376887521687
F Dickinson,Xavier,2023,-24.61202171012967
FL Atlantic,Furman,2023,4.3211095368634025
FL Atlantic,Gonzaga,2023,-11.540338688395602
FL Atlantic,Grand Canyon,2023,4.981493645427259
FL Atlantic,Houston,2023,-8.76452896940342
FL Atlantic,Howard,2023,12.521525735379083
FL Atlantic,Illinois,2023,0.9487399230898361
FL Atlantic,Indiana,2023,-8.944206056993597
FL Atlantic,Iona,2023,4.633197978625821
FL Atlantic,Iowa,2023,-1.1590409600596254
FL Atlantic,Iowa St,2023,0.9090254656735902
FL Atlantic,Kansas,2023,-7.317809000385739
FL Atlantic,Kansas St,2023,-2.228009892769243
FL Atlantic,Kennesaw,2023,7.885976966533882
FL Atlantic,Kent,2023,2.008194253440323
FL Atlantic,Kentucky,2023,-1.7798467947124887
FL Atlantic,Marquette,2023,-2.3911782725590824
FL Atlantic,Maryland,2023,-1.7143827504397704
FL Atlantic,Memphis,2023,0.884239491606942
FL Atlantic,Miami FL,2023,-4.920797715385151
FL Atlantic,Michigan St,2023,-13.522865473174669
FL Atlantic,Mississippi St,2023,4.866105000630363
FL Atlantic,Missouri,2023,3.0767394984144403
FL Atlantic,Montana St,2023,6.108907304879295
FL Atlantic,N Kentucky,2023,13.19609770942212
FL Atlantic,NC State,2023,3.221735272384211
FL Atlantic,Nevada,2023,2.2952131990804894
FL Atlantic,Northwestern,2023,0.27141334895421726
FL Atlantic,Oral Roberts,2023,3.1744244923637326
FL Atlantic,Penn St,2023,3.7961226586495638
FL Atlantic,Pittsburgh,2023,0.9854289096625929
FL Atlantic,Princeton,2023,9.797788803652104
FL Atlantic,Providence,2023,4.779533113549038
FL Atlantic,Purdue,2023,-6.952370998271057
FL Atlantic,San Diego St,2023,0.32208850762215924
FL Atlantic,UC Santa Barbara,2023,5.985358545440428
FL Atlantic,SE Missouri St,2023,19.88309972702349
FL Atlantic,St Mary's CA,2023,-0.6317970145717846
FL Atlantic,TAM C. Christi,2023,9.452250576056151
FL Atlantic,TCU,2023,-0.8289926168248194
FL Atlantic,Tennessee,2023,-6.198670000813938
FL Atlantic,Texas,2023,-2.2060384750883473
FL Atlantic,Texas A&M,2023,-1.6978056451560712
FL Atlantic,TX Southern,2023,22.177080552685226
FL Atlantic,UCLA,2023,-7.7561658709788786
FL Atlantic,Louisiana,2023,4.74147770950333
FL Atlantic,UNC Asheville,2023,7.1981179805181394
FL Atlantic,USC,2023,2.7066295285406
FL Atlantic,Utah St,2023,0.3453039936488714
FL Atlantic,VCU,2023,-1.049401521583949
FL Atlantic,Vermont,2023,5.964032839723944
FL Atlantic,Virginia,2023,0.2989200181186262
FL Atlantic,West Virginia,2023,-3.9692432541513565
FL Atlantic,Xavier,2023,-2.381157486001545
Furman,Gonzaga,2023,-12.855564353847235
Furman,Grand Canyon,2023,-1.1082357916901415
Furman,Houston,2023,-12.251479915598013
Furman,Howard,2023,9.551061853041428
Furman,Illinois,2023,-6.4857246575642975
Furman,Indiana,2023,-8.438185237608073
Furman,Iona,2023,-1.512494881017388
Furman,Iowa,2023,-6.185930202364533
Furman,Iowa St,2023,-5.371987070738818
Furman,Kansas,2023,-9.971257911744527
Furman,Kansas St,2023,-10.3300873959282
Furman,Kennesaw,2023,1.8134593046730456
Furman,Kent,2023,-2.2754354925390996
Furman,Kentucky,2023,-5.510764003381906
Furman,Marquette,2023,-10.802366692726123
Furman,Maryland,2023,-5.998633658395023
Furman,Memphis,2023,-7.414603285077205
Furman,Miami FL,2023,-7.391834572514231
Furman,Michigan St,2023,-5.676410511288904
Furman,Mississippi St,2023,-1.6097872926672954
Furman,Missouri,2023,-6.496886595290346
Furman,Montana St,2023,2.838639689348928
Furman,N Kentucky,2023,7.080860813063359
Furman,NC State,2023,-3.686476026084657
Furman,Nevada,2023,-5.707587323346526
Furman,Northwestern,2023,-5.520744036620405
Furman,Oral Roberts,2023,-6.639737273433294
Furman,Penn St,2023,-2.761934988311958
Furman,Pittsburgh,2023,-5.067700355571939
Furman,Princeton,2023,4.165607337205865
Furman,Providence,2023,-2.8381852799480343
Furman,Purdue,2023,-12.389514571954102
Furman,San Diego St,2023,-7.2586987121639455
Furman,UC Santa Barbara,2023,-1.372835079684292
Furman,SE Missouri St,2023,11.088820487020755
Furman,St Mary's CA,2023,-8.911970927468161
Furman,TAM C. Christi,2023,6.038087555546242
Furman,TCU,2023,-7.704413586868418
Furman,Tennessee,2023,-10.134349521754835
Furman,Texas,2023,-10.034031579117052
Furman,Texas A&M,2023,-8.226463337820245
Furman,TX Southern,2023,17.346910126717784
Furman,UCLA,2023,-12.202347920357951
Furman,Louisiana,2023,-1.7918726493025867
Furman,UNC Asheville,2023,3.662139544452295
Furman,USC,2023,-8.514297783825775
Furman,Utah St,2023,-6.196420345812604
Furman,VCU,2023,-8.141856892404116
Furman,Vermont,2023,1.1318369734933658
Furman,Virginia,2023,-7.213649901263186
Furman,West Virginia,2023,-9.982592766787736
Furman,Xavier,2023,-6.629555410825726
Gonzaga,Grand Canyon,2023,12.849962319572503
Gonzaga,Houston,2023,-0.2067111154390185
Gonzaga,Howard,2023,27.939341694126213
Gonzaga,Illinois,2023,6.829295871631042
Gonzaga,Indiana,2023,8.653759638674286
Gonzaga,Iona,2023,10.99980562703064
Gonzaga,Iowa,2023,11.16118872366917
Gonzaga,Iowa St,2023,9.14856444097448
Gonzaga,Kansas,2023,5.685606016970223
Gonzaga,Kansas St,2023,4.669462568026118
Gonzaga,Kennesaw,2023,12.551621125030167
Gonzaga,Kent,2023,11.731340859177465
Gonzaga,Kentucky,2023,7.376978905296421
Gonzaga,Marquette,2023,9.601618767798515
Gonzaga,Maryland,2023,8.780900660510346
Gonzaga,Memphis,2023,8.183707462922698
Gonzaga,Miami FL,2023,8.439409799710813
Gonzaga,Michigan St,2023,8.368060381326254
Gonzaga,Mississippi St,2023,8.2661551022571
Gonzaga,Missouri,2023,9.605689561064132
Gonzaga,Montana St,2023,12.757245580198289
Gonzaga,N Kentucky,2023,16.272568974269028
Gonzaga,NC State,2023,9.588251733340792
Gonzaga,Nevada,2023,5.055164818607493
Gonzaga,Northwestern,2023,9.294614375000046
Gonzaga,Oral Roberts,2023,8.942633441705194
Gonzaga,Penn St,2023,8.486771515929284
Gonzaga,Pittsburgh,2023,8.75077167902769
Gonzaga,Princeton,2023,12.872811339148257
Gonzaga,Providence,2023,8.252463183357877
Gonzaga,Purdue,2023,-1.620931389623365
Gonzaga,San Diego St,2023,7.042690931651981
Gonzaga,UC Santa Barbara,2023,13.278785216987227
Gonzaga,SE Missouri St,2023,21.1296204651951
Gonzaga,St Mary's CA,2023,8.261862609115889
Gonzaga,TAM C. Christi,2023,18.81327367155109
Gonzaga,TCU,2023,8.726437201548741
Gonzaga,Tennessee,2023,4.685410412948744
Gonzaga,Texas,2023,6.1980827337728694
Gonzaga,Texas A&M,2023,7.997790287812551
Gonzaga,TX Southern,2023,32.16337252637831
Gonzaga,UCLA,2023,-1.1817257920023008
Gonzaga,Louisiana,2023,12.789210509946315
Gonzaga,UNC Asheville,2023,14.136406090581096
Gonzaga,USC,2023,7.127886269142232
Gonzaga,Utah St,2023,8.64480465375098
Gonzaga,VCU,2023,8.652632470256982
Gonzaga,Vermont,2023,12.872811339148257
Gonzaga,Virginia,2023,8.13194393247349
Gonzaga,West Virginia,2023,5.475389215361909
Gonzaga,Xavier,2023,8.065488820242694
Grand Canyon,Houston,2023,-11.33248775420726
Grand Canyon,Howard,2023,9.390704484035497
Grand Canyon,Illinois,2023,-6.915742722454063
Grand Canyon,Indiana,2023,-10.195635074355389
Grand Canyon,Iona,2023,-1.1944195759012342
Grand Canyon,Iowa,2023,-5.779715546407679
Grand Canyon,Iowa St,2023,-6.177169353468028
Grand Canyon,Kansas,2023,-11.231389981514951
Grand Canyon,Kansas St,2023,-11.545828666479624
Grand Canyon,Kennesaw,2023,2.633838126903234
Grand Canyon,Kent,2023,-1.0416228339052795
Grand Canyon,Kentucky,2023,-10.092568175984274
Grand Canyon,Marquette,2023,-9.908024955482377
Grand Canyon,Maryland,2023,-6.274713485717709
Grand Canyon,Memphis,2023,-4.548601472328136
Grand Canyon,Miami FL,2023,-9.057979310970861
Grand Canyon,Michigan St,2023,-7.18893348953886
Grand Canyon,Mississippi St,2023,-3.1900572538290777
Grand Canyon,Missouri,2023,-6.248211374887079
Grand Canyon,Montana St,2023,2.3941285397370513
Grand Canyon,N Kentucky,2023,5.887016778584242
Grand Canyon,NC State,2023,-3.3010636470468433
Grand Canyon,Nevada,2023,-10.154809858280691
Grand Canyon,Northwestern,2023,-7.405703548770348
Grand Canyon,Oral Roberts,2023,-6.169927374312932
Grand Canyon,Penn St,2023,-5.916645370488546
Grand Canyon,Pittsburgh,2023,-3.2665463115654405
Grand Canyon,Princeton,2023,1.6187325559300516
Grand Canyon,Providence,2023,-4.17849038951881
Grand Canyon,Purdue,2023,-13.345722898926887
Grand Canyon,San Diego St,2023,-9.302806716728806
Grand Canyon,UC Santa Barbara,2023,-2.2076897965517674
Grand Canyon,SE Missouri St,2023,10.435957541822884
Grand Canyon,St Mary's CA,2023,-10.2738995435358
Grand Canyon,TAM C. Christi,2023,8.374714280522086
Grand Canyon,TCU,2023,-8.234930388059452
Grand Canyon,Tennessee,2023,-11.212274958351859
Grand Canyon,Texas,2023,-11.994604803965723
Grand Canyon,Texas A&M,2023,-9.413793563363512
Grand Canyon,TX Southern,2023,14.42849765959821
Grand Canyon,UCLA,2023,-13.680497854050346
Grand Canyon,Louisiana,2023,0.41022224879345387
Grand Canyon,UNC Asheville,2023,5.565330972146451
Grand Canyon,USC,2023,-9.674446379746756
Grand Canyon,Utah St,2023,-6.343719684506704
Grand Canyon,VCU,2023,-4.342495585086118
Grand Canyon,Vermont,2023,-0.4089307305629007
Grand Canyon,Virginia,2023,-8.404857059243907
Grand Canyon,West Virginia,2023,-11.144686867064742
Grand Canyon,Xavier,2023,-9.057824316327746
Houston,Howard,2023,17.37320767174459
Houston,Illinois,2023,6.36788823603639
Houston,Indiana,2023,5.67114490733007
Houston,Iona,2023,9.77246133230358
Houston,Iowa,2023,6.953942574997864
Houston,Iowa St,2023,5.300812756945836
Houston,Kansas,2023,1.7766498203169516
Houston,Kansas St,2023,3.8513974053736524
Houston,Kennesaw,2023,12.780305578786631
Houston,Kent,2023,8.28586876495019
Houston,Kentucky,2023,5.082068744299259
Houston,Marquette,2023,0.781449329215026
Houston,Maryland,2023,5.010870921473254
Houston,Memphis,2023,6.17947473836931
Houston,Miami FL,2023,5.809490336204408
Houston,Michigan St,2023,6.144532750109249
Houston,Mississippi St,2023,6.661517829720842
Houston,Missouri,2023,5.756160058607807
Houston,Montana St,2023,12.76878180311553
Houston,N Kentucky,2023,15.204440893468862
Houston,NC State,2023,8.081844890811556
Houston,Nevada,2023,5.949648097084651
Houston,Northwestern,2023,6.707165863717403
Houston,Oral Roberts,2023,13.604546564000529
Houston,Penn St,2023,8.052886120218966
Houston,Pittsburgh,2023,8.665423205245032
Houston,Princeton,2023,14.296247524266576
Houston,Providence,2023,7.0205374577625825
Houston,Purdue,2023,2.995089843535114
Houston,San Diego St,2023,4.931417351490301
Houston,UC Santa Barbara,2023,12.563883951910327
Houston,SE Missouri St,2023,17.627881471225706
Houston,St Mary's CA,2023,2.5457947184621714
Houston,TAM C. Christi,2023,17.11875766850716
Houston,TCU,2023,5.237067710383427
Houston,Tennessee,2023,2.5756971635101986
Houston,Texas,2023,3.236013863578799
Houston,Texas A&M,2023,5.059477237803732
Houston,TX Southern,2023,21.469279393935317
Houston,UCLA,2023,-2.1748368463982333
Houston,Louisiana,2023,11.00408501995279
Houston,UNC Asheville,2023,15.063031551262855
Houston,USC,2023,3.0063928635554915
Houston,Utah St,2023,4.310104607184675
Houston,VCU,2023,9.207904270475037
Houston,Vermont,2023,13.878383535335479
Houston,Virginia,2023,6.524040896772636
Houston,West Virginia,2023,1.2059806070685724
Houston,Xavier,2023,3.9146774985112915
Howard,Illinois,2023,-15.32374189068058
Howard,Indiana,2023,-22.338016605091717
Howard,Iona,2023,-11.965075243932109
Howard,Iowa,2023,-18.918876293827775
Howard,Iowa St,2023,-16.252443637044156
Howard,Kansas,2023,-22.399954877489062
Howard,Kansas St,2023,-21.96559690195664
Howard,Kennesaw,2023,-8.085701677481147
Howard,Kent,2023,-11.65293281228343
Howard,Kentucky,2023,-21.478707246395587
Howard,Marquette,2023,-19.168752473287338
Howard,Maryland,2023,-17.83541657205999
Howard,Memphis,2023,-15.572636513215462
Howard,Miami FL,2023,-22.609570291053874
Howard,Michigan St,2023,-15.476353680245786
Howard,Mississippi St,2023,-11.56089129245241
Howard,Missouri,2023,-16.076629367398
Howard,Montana St,2023,-7.551847701098304
Howard,N Kentucky,2023,-7.329161704313982
Howard,NC State,2023,-18.236686143692822
Howard,Nevada,2023,-16.00263536667959
Howard,Northwestern,2023,-17.017405755378576
Howard,Oral Roberts,2023,-16.16650703309191
Howard,Penn St,2023,-13.64855072780834
Howard,Pittsburgh,2023,-18.40943646279654
Howard,Princeton,2023,-6.884879370619242
Howard,Providence,2023,-13.865584698118985
Howard,Purdue,2023,-21.968017976035135
Howard,San Diego St,2023,-16.14255760088057
Howard,UC Santa Barbara,2023,-13.37822070842136
Howard,SE Missouri St,2023,3.623474820873653
Howard,St Mary's CA,2023,-18.767480263998905
Howard,TAM C. Christi,2023,-10.149556742321902
Howard,TCU,2023,-15.058493093055112
Howard,Tennessee,2023,-19.323948351633494
Howard,Texas,2023,-16.880375745198776
Howard,Texas A&M,2023,-16.445630786031774
Howard,TX Southern,2023,6.585521540496652
Howard,UCLA,2023,-17.892124336092834
Howard,Louisiana,2023,-10.979650523946077
Howard,UNC Asheville,2023,-5.725796150187965
Howard,USC,2023,-17.726129235590786
Howard,Utah St,2023,-21.910562259803285
Howard,VCU,2023,-19.79012507515742
Howard,Vermont,2023,-11.068156566393759
Howard,Virginia,2023,-18.13459689229661
Howard,West Virginia,2023,-17.692418284078045
Howard,Xavier,2023,-20.220698888031947
Illinois,Indiana,2023,-1.0289433683019324
Illinois,Iona,2023,2.8047470803215857
Illinois,Iowa,2023,0.11055061135846035
Illinois,Iowa St,2023,-3.83554633319209
Illinois,Kansas,2023,-8.39592930007764
Illinois,Kansas St,2023,-1.2083568967758112
Illinois,Kennesaw,2023,13.469627195718887
Illinois,Kent,2023,2.863214478696893
Illinois,Kentucky,2023,-4.568839778081381
Illinois,Marquette,2023,-3.5499690721475683
Illinois,Maryland,2023,-0.07063901386168844
Illinois,Memphis,2023,0.19141676854705722
Illinois,Miami FL,2023,-1.9185673666866707
Illinois,Michigan St,2023,-1.8904743771711543
Illinois,Mississippi St,2023,4.365405288029348
Illinois,Missouri,2023,0.2011782629731422
Illinois,Montana St,2023,7.554011303747841
Illinois,N Kentucky,2023,11.88265766807712
Illinois,NC State,2023,2.017511026094352
Illinois,Nevada,2023,1.892794896399984
Illinois,Northwestern,2023,3.297979517605181
Illinois,Oral Roberts,2023,-0.08528087217449225
Illinois,Penn St,2023,0.9836495036324457
Illinois,Pittsburgh,2023,1.4770789941609985
Illinois,Princeton,2023,9.50053084462712
Illinois,Providence,2023,-0.20799126412680508
Illinois,Purdue,2023,-6.641658174461446
Illinois,San Diego St,2023,0.1348439797441327
Illinois,UC Santa Barbara,2023,5.772020688419961
Illinois,SE Missouri St,2023,19.211643685773172
Illinois,St Mary's CA,2023,-3.137786787334128
Illinois,TAM C. Christi,2023,14.657039139366386
Illinois,TCU,2023,1.2740870658667214
Illinois,Tennessee,2023,-5.155065289290499
Illinois,Texas,2023,-4.813324083171455
Illinois,Texas A&M,2023,-1.1232794531306838
Illinois,TX Southern,2023,28.055910598787158
Illinois,UCLA,2023,-4.119528763116048
Illinois,Louisiana,2023,4.492060457273698
Illinois,UNC Asheville,2023,7.64074433811641
Illinois,USC,2023,7.33972053593553
Illinois,Utah St,2023,-2.9346653387046207
Illinois,VCU,2023,4.12034596688235
Illinois,Vermont,2023,7.020941964011658
Illinois,Virginia,2023,-3.8692614574617905
Illinois,West Virginia,2023,-11.888270159816695
Illinois,Xavier,2023,-2.978476462904918
Indiana,Iona,2023,4.098714486678777
Indiana,Iowa,2023,3.3091066062299292
Indiana,Iowa St,2023,2.383776218971096
Indiana,Kansas,2023,-4.125360532475601
Indiana,Kansas St,2023,-1.1058788412481102
Indiana,Kennesaw,2023,10.280254342250423
Indiana,Kent,2023,4.16261421474551
Indiana,Kentucky,2023,-0.9809989035408136
Indiana,Marquette,2023,0.9880941710512041
Indiana,Maryland,2023,-0.6962354353484512
Indiana,Memphis,2023,-0.14944703871435724
Indiana,Miami FL,2023,-3.296593896191213
Indiana,Michigan St,2023,1.2799518037118065
Indiana,Mississippi St,2023,5.551703928705068
Indiana,Missouri,2023,2.689299613948531
Indiana,Montana St,2023,14.845121862272906
Indiana,N Kentucky,2023,12.676538292906008
Indiana,NC State,2023,4.699596897012217
Indiana,Nevada,2023,4.724454867078551
Indiana,Northwestern,2023,3.9264663094141894
Indiana,Oral Roberts,2023,3.6446615489171137
Indiana,Penn St,2023,3.318309874225065
Indiana,Pittsburgh,2023,2.9591331152875684
Indiana,Princeton,2023,14.779363579647379
Indiana,Providence,2023,7.020747171761708
Indiana,Purdue,2023,-5.49126568243862
Indiana,San Diego St,2023,-0.31800956885381415
Indiana,UC Santa Barbara,2023,6.962268245207189
Indiana,SE Missouri St,2023,26.30852480446978
Indiana,St Mary's CA,2023,-2.3344369213950604
Indiana,TAM C. Christi,2023,11.589639731402395
Indiana,TCU,2023,1.9787154915028446
Indiana,Tennessee,2023,-4.733226275519664
Indiana,Texas,2023,-0.3475458544202567
Indiana,Texas A&M,2023,-1.2088115155843548
Indiana,TX Southern,2023,27.336806685745287
Indiana,UCLA,2023,-6.51808428378951
Indiana,Louisiana,2023,10.290058472054273
Indiana,UNC Asheville,2023,10.302426555624914
Indiana,USC,2023,4.179271200248437
Indiana,Utah St,2023,0.6660573222305733
Indiana,VCU,2023,3.448831618130642
Indiana,Vermont,2023,8.320777498621403
Indiana,Virginia,2023,0.5276742745357119
Indiana,West Virginia,2023,-3.4207507388853795
Indiana,Xavier,2023,-2.1574308288504924
Iona,Iowa,2023,-5.244758323229597
Iona,Iowa St,2023,-1.8573125310308134
Iona,Kansas,2023,-11.078663056466588
Iona,Kansas St,2023,-9.195928100614106
Iona,Kennesaw,2023,5.384029098915899
Iona,Kent,2023,-2.118753602207388
Iona,Kentucky,2023,-5.9167967033909585
Iona,Marquette,2023,-9.604220753358575
Iona,Maryland,2023,-3.277228707102472
Iona,Memphis,2023,-5.827952528197289
Iona,Miami FL,2023,-8.506489676153503
Iona,Michigan St,2023,-6.508844510289926
Iona,Mississippi St,2023,-1.0079516741219863
Iona,Missouri,2023,-4.99619480613272
Iona,Montana St,2023,3.1659371932961307
Iona,N Kentucky,2023,6.373429456824448
Iona,NC State,2023,-2.9109099775000282
Iona,Nevada,2023,-5.073508516479418
Iona,Northwestern,2023,-4.36947499767892
Iona,Oral Roberts,2023,-6.942627176446533
Iona,Penn St,2023,-3.176861906719905
Iona,Pittsburgh,2023,-2.3924744312891386
Iona,Princeton,2023,5.43972279858429
Iona,Providence,2023,-3.4249071831840676
Iona,Purdue,2023,-10.767819176764208
Iona,San Diego St,2023,-6.687234923034482
Iona,UC Santa Barbara,2023,0.6424334335675818
Iona,SE Missouri St,2023,10.487257244726507
Iona,St Mary's CA,2023,-7.515001739005215
Iona,TAM C. Christi,2023,6.859580915306447
Iona,TCU,2023,-4.873614771408203
Iona,Tennessee,2023,-9.325616844493103
Iona,Texas,2023,-9.674704253345906
Iona,Texas A&M,2023,-7.181716641399776
Iona,TX Southern,2023,20.642393105291077
Iona,UCLA,2023,-11.21081023433619
Iona,Louisiana,2023,-0.20987253711222922
Iona,UNC Asheville,2023,1.3200198045959701
Iona,USC,2023,-7.839604793061291
Iona,Utah St,2023,-5.124941276380343
Iona,VCU,2023,-6.838912068695969
Iona,Vermont,2023,1.1326108861785473
Iona,Virginia,2023,-7.707267542276277
Iona,West Virginia,2023,-9.15469123093454
Iona,Xavier,2023,-8.562019513419337
Iowa,Iowa St,2023,-0.9928267996948541
Iowa,Kansas,2023,-5.9281219320936955
Iowa,Kansas St,2023,-3.880347574783879
Iowa,Kennesaw,2023,9.593046559198912
Iowa,Kent,2023,2.6131434915164973
Iowa,Kentucky,2023,-2.783165582531319
Iowa,Marquette,2023,3.0592399886256008
Iowa,Maryland,2023,-1.7756693318511683
Iowa,Memphis,2023,-5.88367927980496
Iowa,Miami FL,2023,-4.167884872727359
Iowa,Michigan St,2023,-2.5088175007087967
Iowa,Mississippi St,2023,3.8662438967369344
Iowa,Missouri,2023,-6.861208877136318
Iowa,Montana St,2023,8.425375634966969
Iowa,N Kentucky,2023,10.198726770510962
Iowa,NC State,2023,0.6958958643705365
Iowa,Nevada,2023,2.3138089120460137
Iowa,Northwestern,2023,0.3365607472005687
Iowa,Oral Roberts,2023,0.7738157312424646
Iowa,Penn St,2023,4.029628439667667
Iowa,Pittsburgh,2023,0.36000497637120527
Iowa,Princeton,2023,7.670596648112958
Iowa,Providence,2023,3.0651423605838413
Iowa,Purdue,2023,-7.157887328214074
Iowa,San Diego St,2023,-2.7305791357706166
Iowa,UC Santa Barbara,2023,2.292810613862517
Iowa,SE Missouri St,2023,25.750990907219922
Iowa,St Mary's CA,2023,-3.9620076100246076
Iowa,TAM C. Christi,2023,17.547106048758664
Iowa,TCU,2023,-1.311801580638657
Iowa,Tennessee,2023,-6.210877945559613
Iowa,Texas,2023,-3.660105011014439
Iowa,Texas A&M,2023,-0.9084899556144521
Iowa,TX Southern,2023,25.74693361903332
Iowa,UCLA,2023,-7.33731381821827
Iowa,Louisiana,2023,4.431130841712516
Iowa,UNC Asheville,2023,13.17528264047402
Iowa,USC,2023,-3.4998470743570693
Iowa,Utah St,2023,-2.1696896607824177
Iowa,VCU,2023,1.0462365537574987
Iowa,Vermont,2023,6.379187313417742
Iowa,Virginia,2023,-6.089217695872715
Iowa,West Virginia,2023,-8.357496947603881
Iowa,Xavier,2023,-4.632061287438183
Iowa St,Kansas,2023,-4.488209507301431
Iowa St,Kansas St,2023,-4.595370002165283
Iowa St,Kennesaw,2023,9.470579796103461
Iowa St,Kent,2023,0.8660963259068828
Iowa St,Kentucky,2023,-8.382052064099717
Iowa St,Marquette,2023,-3.83637738035799
Iowa St,Maryland,2023,-4.190948628505758
Iowa St,Memphis,2023,-0.04013691504952495
Iowa St,Miami FL,2023,-1.7487261103714238
Iowa St,Michigan St,2023,-9.785006800359486
Iowa St,Mississippi St,2023,0.318105827877867
Iowa St,Missouri,2023,0.2027112005391888
Iowa St,Montana St,2023,7.331696038044137
Iowa St,N Kentucky,2023,10.272676205422565
Iowa St,NC State,2023,1.2921922886089425
Iowa St,Nevada,2023,3.7093940755608745
Iowa St,Northwestern,2023,2.7870744730638655
Iowa St,Oral Roberts,2023,-0.8220860831748098
Iowa St,Penn St,2023,2.0224345031418567
Iowa St,Pittsburgh,2023,1.914022054943808
Iowa St,Princeton,2023,7.554969313580063
Iowa St,Providence,2023,2.254242962791625
Iowa St,Purdue,2023,-7.685269684281684
Iowa St,San Diego St,2023,0.5923748919344674
Iowa St,UC Santa Barbara,2023,4.567317125752197
Iowa St,SE Missouri St,2023,20.45423791318595
Iowa St,St Mary's CA,2023,-3.276946922767919
Iowa St,TAM C. Christi,2023,15.36170721536604
Iowa St,TCU,2023,-1.9077500718009635
Iowa St,Tennessee,2023,-13.565610300480941
Iowa St,Texas,2023,-3.8743529568049775
Iowa St,Texas A&M,2023,-1.439755952169738
Iowa St,TX Southern,2023,24.679416791300667
Iowa St,UCLA,2023,-9.43235562559619
Iowa St,Louisiana,2023,1.2137044009118594
Iowa St,UNC Asheville,2023,7.2960556923319935
Iowa St,USC,2023,0.3000558810950672
Iowa St,Utah St,2023,-4.433053256017481
Iowa St,VCU,2023,2.265254686744784
Iowa St,Vermont,2023,7.108663999162729
Iowa St,Virginia,2023,-4.3042402436932345
Iowa St,West Virginia,2023,-3.6699636165780505
Iowa St,Xavier,2023,-5.006508442818127
Kansas,Kansas St,2023,3.295835842985339
Kansas,Kennesaw,2023,9.731589337561523
Kansas,Kent,2023,9.080922261587027
Kansas,Kentucky,2023,2.4721504765503455
Kansas,Marquette,2023,7.119331450696262
Kansas,Maryland,2023,6.888331379859494
Kansas,Memphis,2023,2.698581024547677
Kansas,Miami FL,2023,5.0312208539407735
Kansas,Michigan St,2023,0.6165350626391868
Kansas,Mississippi St,2023,5.678338047916231
Kansas,Missouri,2023,3.6670182946315775
Kansas,Montana St,2023,9.24307829534105
Kansas,N Kentucky,2023,13.569037645939929
Kansas,NC State,2023,6.063936685807549
Kansas,Nevada,2023,6.590239740755567
Kansas,Northwestern,2023,4.479220553430861
Kansas,Oral Roberts,2023,4.763254638508246
Kansas,Penn St,2023,4.333402850102123
Kansas,Pittsburgh,2023,3.8214263167984246
Kansas,Princeton,2023,9.866258943252097
Kansas,Providence,2023,6.646584713825953
Kansas,Purdue,2023,-1.4681076553727395
Kansas,San Diego St,2023,4.8921877322073275
Kansas,UC Santa Barbara,2023,9.47733240242034
Kansas,SE Missouri St,2023,21.796396036915823
Kansas,St Mary's CA,2023,2.6497843483224135
Kansas,TAM C. Christi,2023,19.465644373617607
Kansas,TCU,2023,3.832648919418933
Kansas,Tennessee,2023,-5.840928244158913
Kansas,Texas,2023,-0.6061871841144333
Kansas,Texas A&M,2023,5.315996717095317
Kansas,TX Southern,2023,28.648520700227245
Kansas,UCLA,2023,-0.5685593284697943
Kansas,Louisiana,2023,9.973099870435876
Kansas,UNC Asheville,2023,16.91638078714192
Kansas,USC,2023,4.785008619915571
Kansas,Utah St,2023,4.4907281173021945
Kansas,VCU,2023,3.9359373510797133
Kansas,Vermont,2023,11.898354058209357
Kansas,Virginia,2023,2.933603633599213
Kansas,West Virginia,2023,4.675136235232115
Kansas,Xavier,2023,2.859352559791117
Kansas St,Kennesaw,2023,13.958378906082606
Kansas St,Kent,2023,5.456589377966264
Kansas St,Kentucky,2023,0.7925228963090705
Kansas St,Marquette,2023,-2.774873017122709
Kansas St,Maryland,2023,4.696710063421605
Kansas St,Memphis,2023,0.9413076515556305
Kansas St,Miami FL,2023,0.22787591811882518
Kansas St,Michigan St,2023,0.2686573231677558
Kansas St,Mississippi St,2023,5.457761802828905
Kansas St,Missouri,2023,3.081982932347836
Kansas St,Montana St,2023,10.29861296962777
Kansas St,N Kentucky,2023,14.473363055963556
Kansas St,NC State,2023,3.5149963918872307
Kansas St,Nevada,2023,7.2705875981580945
Kansas St,Northwestern,2023,5.1498844726883295
Kansas St,Oral Roberts,2023,5.936205404520048
Kansas St,Penn St,2023,1.8442094592813687
Kansas St,Pittsburgh,2023,2.5266872019831266
Kansas St,Princeton,2023,10.554900016930018
Kansas St,Providence,2023,5.215206844415749
Kansas St,Purdue,2023,-1.0581547542494947
Kansas St,San Diego St,2023,1.9347332455695687
Kansas St,UC Santa Barbara,2023,8.06328081633998
Kansas St,SE Missouri St,2023,19.045771599540718
Kansas St,St Mary's CA,2023,0.3874172598474165
Kansas St,TAM C. Christi,2023,19.156280089479054
Kansas St,TCU,2023,4.28070552328091
Kansas St,Tennessee,2023,-2.6572269521533918
Kansas St,Texas,2023,-1.343008669951184
Kansas St,Texas A&M,2023,3.79182676643437
Kansas St,TX Southern,2023,25.901345731399378
Kansas St,UCLA,2023,-3.7088545238907384
Kansas St,Louisiana,2023,7.643082964596999
Kansas St,UNC Asheville,2023,11.361035084232341
Kansas St,USC,2023,4.296392912169807
Kansas St,Utah St,2023,2.1174654744493266
Kansas St,VCU,2023,3.700734350987698
Kansas St,Vermont,2023,9.588248528696703
Kansas St,Virginia,2023,1.1033414174945546
Kansas St,West Virginia,2023,-0.3971861200098591
Kansas St,Xavier,2023,-2.1688074398161223
Kennesaw,Kent,2023,-5.120952885240631
Kennesaw,Kentucky,2023,-8.580547599977256
Kennesaw,Marquette,2023,-12.355557153282048
Kennesaw,Maryland,2023,-7.3397681082211035
Kennesaw,Memphis,2023,-7.805088286189283
Kennesaw,Miami FL,2023,-9.343236113367663
Kennesaw,Michigan St,2023,-8.477072410345194
Kennesaw,Mississippi St,2023,-6.297115154426349
Kennesaw,Missouri,2023,-9.925347023650438
Kennesaw,Montana St,2023,-1.0338839363685686
Kennesaw,N Kentucky,2023,5.865534750462278
Kennesaw,NC State,2023,-5.1170345759572395
Kennesaw,Nevada,2023,-8.323357903940812
Kennesaw,Northwestern,2023,-8.761289916559983
Kennesaw,Oral Roberts,2023,-7.639963909013996
Kennesaw,Penn St,2023,-5.6028243073689135
Kennesaw,Pittsburgh,2023,-6.422292470790917
Kennesaw,Princeton,2023,4.532134792881445
Kennesaw,Providence,2023,-5.893567575415964
Kennesaw,Purdue,2023,-14.278243080450158
Kennesaw,San Diego St,2023,-11.101976436674152
Kennesaw,UC Santa Barbara,2023,-4.912517460886645
Kennesaw,SE Missouri St,2023,7.0134182692482065
Kennesaw,St Mary's CA,2023,-9.908486817966722
Kennesaw,TAM C. Christi,2023,4.016320871254734
Kennesaw,TCU,2023,-8.545768166030715
Kennesaw,Tennessee,2023,-13.524665723160725
Kennesaw,Texas,2023,-12.60164079408878
Kennesaw,Texas A&M,2023,-10.376943650959593
Kennesaw,TX Southern,2023,14.445061053112568
Kennesaw,UCLA,2023,-13.586480158333162
Kennesaw,Louisiana,2023,-2.9881064714956267
Kennesaw,UNC Asheville,2023,0.9872517765483699
Kennesaw,USC,2023,-10.000659928900244
Kennesaw,Utah St,2023,-7.283852074098214
Kennesaw,VCU,2023,-6.8545968222419456
Kennesaw,Vermont,2023,-3.2392148121050597
Kennesaw,Virginia,2023,-9.835287782604736
Kennesaw,West Virginia,2023,-12.27983805568059
Kennesaw,Xavier,2023,-10.838982041291306
Kent,Kentucky,2023,-3.9146531399903797
Kent,Marquette,2023,-7.475704793991205
Kent,Maryland,2023,-2.197024427330797
Kent,Memphis,2023,-5.961660433177289
Kent,Miami FL,2023,-6.590668530346159
Kent,Michigan St,2023,-3.1740768288234666
Kent,Mississippi St,2023,-5.036747475859424
Kent,Missouri,2023,-3.3055864733698552
Kent,Montana St,2023,4.408887059161467
Kent,N Kentucky,2023,12.13148685136609
Kent,NC State,2023,-0.8880245525531856
Kent,Nevada,2023,-5.579932953684638
Kent,Northwestern,2023,-4.531730958312253
Kent,Oral Roberts,2023,-0.9703046955778355
Kent,Penn St,2023,-2.7291933433625455
Kent,Pittsburgh,2023,-3.8068248811637084
Kent,Princeton,2023,5.439943739819832
Kent,Providence,2023,-0.8426349387740011
Kent,Purdue,2023,-10.892419800094169
Kent,San Diego St,2023,-4.273846691395528
Kent,UC Santa Barbara,2023,0.6162595575899532
Kent,SE Missouri St,2023,13.676003378093888
Kent,St Mary's CA,2023,-4.518768162462849
Kent,TAM C. Christi,2023,11.753361511465542
Kent,TCU,2023,-5.206250716889721
Kent,Tennessee,2023,-10.16834760553383
Kent,Texas,2023,-5.396490004522719
Kent,Texas A&M,2023,-5.845646800341042
Kent,TX Southern,2023,19.474943983272684
Kent,UCLA,2023,-12.194433392464404
Kent,Louisiana,2023,1.7733175399509205
Kent,UNC Asheville,2023,6.746892411144249
Kent,USC,2023,-6.425319458315629
Kent,Utah St,2023,-3.527273929464008
Kent,VCU,2023,-4.563474315149533
Kent,Vermont,2023,2.4177958995554727
Kent,Virginia,2023,-5.260584134010812
Kent,West Virginia,2023,-7.201388688463997
Kent,Xavier,2023,-8.929918591465645
Kentucky,Marquette,2023,-3.805740198218203
Kentucky,Maryland,2023,2.016355827196631
Kentucky,Memphis,2023,-13.347043985146634
Kentucky,Miami FL,2023,-14.769815079459047
Kentucky,Michigan St,2023,-0.07789485492836853
Kentucky,Mississippi St,2023,4.734572829354076
Kentucky,Missouri,2023,1.0993983019393843
Kentucky,Montana St,2023,12.02092353051703
Kentucky,N Kentucky,2023,16.22255220527311
Kentucky,NC State,2023,2.8575897100912817
Kentucky,Nevada,2023,5.0952914292766
Kentucky,Northwestern,2023,3.651375496916691
Kentucky,Oral Roberts,2023,2.2000042004492193
Kentucky,Penn St,2023,8.212938112465665
Kentucky,Pittsburgh,2023,2.842336178000949
Kentucky,Princeton,2023,10.77001821491907
Kentucky,Providence,2023,6.23350988963682
Kentucky,Purdue,2023,-6.4470646501912805
Kentucky,San Diego St,2023,0.20099912096251824
Kentucky,UC Santa Barbara,2023,5.549482328712558
Kentucky,SE Missouri St,2023,16.07189161367123
Kentucky,St Mary's CA,2023,-1.6660799233111405
Kentucky,TAM C. Christi,2023,9.874964769155712
Kentucky,TCU,2023,0.4297034173650743
Kentucky,Tennessee,2023,-4.226213557732062
Kentucky,Texas,2023,-1.7852736812585297
Kentucky,Texas A&M,2023,-0.914892204976885
Kentucky,TX Southern,2023,29.178926012824146
Kentucky,UCLA,2023,-6.584305914606229
Kentucky,Louisiana,2023,1.895187200582875
Kentucky,UNC Asheville,2023,14.20524418283113
Kentucky,USC,2023,3.4628537579647207
Kentucky,Utah St,2023,-0.3739459800868247
Kentucky,VCU,2023,2.521517434375773
Kentucky,Vermont,2023,7.925029950350437
Kentucky,Virginia,2023,0.08076291551531688
Kentucky,West Virginia,2023,-1.0011203663687802
Kentucky,Xavier,2023,-3.4758781098256786
Marquette,Maryland,2023,0.36508360197300793
Marquette,Memphis,2023,-3.2381658068015304
Marquette,Miami FL,2023,1.0773660028678542
Marquette,Michigan St,2023,0.07099534688673939
Marquette,Mississippi St,2023,6.705114346302755
Marquette,Missouri,2023,2.4919373571014978
Marquette,Montana St,2023,9.528279133281417
Marquette,N Kentucky,2023,13.94434362358411
Marquette,NC State,2023,4.88146039244344
Marquette,Nevada,2023,5.264371218863956
Marquette,Northwestern,2023,3.5653346429141686
Marquette,Oral Roberts,2023,5.727857878586904
Marquette,Penn St,2023,1.9842548703059517
Marquette,Pittsburgh,2023,2.7252631540410532
Marquette,Princeton,2023,8.910911032321486
Marquette,Providence,2023,6.497644290218663
Marquette,Purdue,2023,-6.1017800489872025
Marquette,San Diego St,2023,0.874183093226144
Marquette,UC Santa Barbara,2023,7.136486025529723
Marquette,SE Missouri St,2023,19.763847282684132
Marquette,St Mary's CA,2023,-1.3066381893588896
Marquette,TAM C. Christi,2023,17.611192153947353
Marquette,TCU,2023,2.701065809462225
Marquette,Tennessee,2023,-4.827003369804966
Marquette,Texas,2023,-0.5572563643375192
Marquette,Texas A&M,2023,3.3319343305527416
Marquette,TX Southern,2023,26.206467913394658
Marquette,UCLA,2023,-4.5736813716292035
Marquette,Louisiana,2023,6.730157807920294
Marquette,UNC Asheville,2023,10.425972743654889
Marquette,USC,2023,4.6890922650820785
Marquette,Utah St,2023,3.107406718712988
Marquette,VCU,2023,5.179655824926199
Marquette,Vermont,2023,10.52537528417055
Marquette,Virginia,2023,0.9671426893768331
Marquette,West Virginia,2023,2.607562742484238
Marquette,Xavier,2023,-1.5351032425494808
Maryland,Memphis,2023,-0.44389399580989275
Maryland,Miami FL,2023,-3.8349356422129857
Maryland,Michigan St,2023,-1.6413559060579654
Maryland,Mississippi St,2023,4.9343809516492465
Maryland,Missouri,2023,-3.815437195707853
Maryland,Montana St,2023,7.8033011076120875
Maryland,N Kentucky,2023,11.642782843350613
Maryland,NC State,2023,0.7798196244791663
Maryland,Nevada,2023,1.1686605558553218
Maryland,Northwestern,2023,3.443098697564744
Maryland,Oral Roberts,2023,-1.2618032571484479
Maryland,Penn St,2023,0.7670280006841366
Maryland,Pittsburgh,2023,1.3965568784626807
Maryland,Princeton,2023,9.501159723018642
Maryland,Providence,2023,1.2547631515683542
Maryland,Purdue,2023,-5.324870908165484
Maryland,San Diego St,2023,0.5532452846383739
Maryland,UC Santa Barbara,2023,5.055578419844554
Maryland,SE Missouri St,2023,15.162235774555045
Maryland,St Mary's CA,2023,-2.9938826123244824
Maryland,TAM C. Christi,2023,17.10046681638571
Maryland,TCU,2023,0.5815177992490252
Maryland,Tennessee,2023,-8.043485752180283
Maryland,Texas,2023,-3.904402113368405
Maryland,Texas A&M,2023,-0.834088688358593
Maryland,TX Southern,2023,19.420692405961432
Maryland,UCLA,2023,-7.941439989775935
Maryland,Louisiana,2023,4.376180101037886
Maryland,UNC Asheville,2023,12.009564123208897
Maryland,USC,2023,-0.8645949715965949
Maryland,Utah St,2023,-1.9856630747055946
Maryland,VCU,2023,1.5385481301259771
Maryland,Vermont,2023,7.423149944555956
Maryland,Virginia,2023,-1.5773837777270412
Maryland,West Virginia,2023,-4.42649333634991
Maryland,Xavier,2023,-3.5213919273822096
Memphis,Miami FL,2023,0.42173190176260805
Memphis,Michigan St,2023,2.4077028228002053
Memphis,Mississippi St,2023,3.849035276783995
Memphis,Missouri,2023,-0.19252298692811856
Memphis,Montana St,2023,12.429527063650632
Memphis,N Kentucky,2023,9.933105947184513
Memphis,NC State,2023,2.5360784569812864
Memphis,Nevada,2023,5.6911444478111015
Memphis,Northwestern,2023,2.1937890166179015
Memphis,Oral Roberts,2023,5.805658537898141
Memphis,Penn St,2023,3.9154928198687577
Memphis,Pittsburgh,2023,0.5443226563250727
Memphis,Princeton,2023,9.819733944238914
Memphis,Providence,2023,3.8170272211579817
Memphis,Purdue,2023,-3.416143614610308
Memphis,San Diego St,2023,-1.1025745373216118
Memphis,UC Santa Barbara,2023,5.8657416070789905
Memphis,SE Missouri St,2023,25.563714778121067
Memphis,St Mary's CA,2023,-1.378947043806356
Memphis,TAM C. Christi,2023,10.81394075551384
Memphis,TCU,2023,0.08532389598160921
Memphis,Tennessee,2023,-6.156892902336474
Memphis,Texas,2023,-1.2286284901318636
Memphis,Texas A&M,2023,-2.8639879608460372
Memphis,TX Southern,2023,21.95656527343082
Memphis,UCLA,2023,-4.412862691459776
Memphis,Louisiana,2023,5.9742493257988905
Memphis,UNC Asheville,2023,9.620038714309716
Memphis,USC,2023,0.03344649278972455
Memphis,Utah St,2023,-0.15706852773284985
Memphis,VCU,2023,1.0334931756466479
Memphis,Vermont,2023,6.347109990951535
Memphis,Virginia,2023,-0.8338282033134106
Memphis,West Virginia,2023,-3.877065496154316
Memphis,Xavier,2023,-2.992522030278357
Miami FL,Michigan St,2023,3.300979259479581
Miami FL,Mississippi St,2023,4.787207569651621
Miami FL,Missouri,2023,4.7011148291977225
Miami FL,Montana St,2023,8.8208847789728
Miami FL,N Kentucky,2023,12.099517148339991
Miami FL,NC State,2023,5.742795286942737
Miami FL,Nevada,2023,4.429281688634671
Miami FL,Northwestern,2023,4.554537418674843
Miami FL,Oral Roberts,2023,6.316329218146969
Miami FL,Penn St,2023,6.095327991789963
Miami FL,Pittsburgh,2023,6.516341812205065
Miami FL,Princeton,2023,12.614152950795813
Miami FL,Providence,2023,5.761731366848773
Miami FL,Purdue,2023,-6.3041504159610255
Miami FL,San Diego St,2023,1.5025555337063572
Miami FL,UC Santa Barbara,2023,7.099421454355389
Miami FL,SE Missouri St,2023,19.272057156077825
Miami FL,St Mary's CA,2023,0.9209037384101922
Miami FL,TAM C. Christi,2023,13.76162488293332
Miami FL,TCU,2023,1.0669377044999215
Miami FL,Tennessee,2023,-0.8927588195849552
Miami FL,Texas,2023,0.4705002538287686
Miami FL,Texas A&M,2023,-1.0376977139092032
Miami FL,TX Southern,2023,26.820567637386013
Miami FL,UCLA,2023,-5.988356183909145
Miami FL,Louisiana,2023,9.369917651542451
Miami FL,UNC Asheville,2023,7.7781074334857445
Miami FL,USC,2023,2.4819656387880884
Miami FL,Utah St,2023,1.7607526244148262
Miami FL,VCU,2023,2.106291279819453
Miami FL,Vermont,2023,7.7982157226948585
Miami FL,Virginia,2023,0.5172228384056081
Miami FL,West Virginia,2023,-4.319194075847362
Miami FL,Xavier,2023,-2.3805510392912406
Michigan St,Mississippi St,2023,5.783722659850597
Michigan St,Missouri,2023,1.6921913468580763
Michigan St,Montana St,2023,6.673816543400303
Michigan St,N Kentucky,2023,7.6360974435718765
Michigan St,NC State,2023,5.7729625680280785
Michigan St,Nevada,2023,3.0143303244589936
Michigan St,Northwestern,2023,1.7126715042923175
Michigan St,Oral Roberts,2023,3.90401053540725
Michigan St,Penn St,2023,3.221411122439145
Michigan St,Pittsburgh,2023,2.6043714116356202
Michigan St,Princeton,2023,8.968170565271555
Michigan St,Providence,2023,4.630522724093373
Michigan St,Purdue,2023,-6.692442145335263
Michigan St,San Diego St,2023,0.8468553388866435
Michigan St,UC Santa Barbara,2023,4.335781695992627
Michigan St,SE Missouri St,2023,16.411110266573708
Michigan St,St Mary's CA,2023,-0.14518232406299983
Michigan St,TAM C. Christi,2023,11.00143349650937
Michigan St,TCU,2023,0.7160421330140779
Michigan St,Tennessee,2023,-2.5635571420752403
Michigan St,Texas,2023,0.23665850501613508
Michigan St,Texas A&M,2023,-0.8437522767311505
Michigan St,TX Southern,2023,28.08123517087967
Michigan St,UCLA,2023,-5.8883245176162475
Michigan St,Louisiana,2023,5.812094010896836
Michigan St,UNC Asheville,2023,10.44333525150589
Michigan St,USC,2023,-3.495373744549564
Michigan St,Utah St,2023,-0.42335859050469027
Michigan St,VCU,2023,0.9983110217424368
Michigan St,Vermont,2023,7.474885538971316
Michigan St,Virginia,2023,0.18815773058130916
Michigan St,West Virginia,2023,-4.8874365125985815
Michigan St,Xavier,2023,-3.6001117031489596
Mississippi St,Missouri,2023,-4.087671583682301
Mississippi St,Montana St,2023,0.6348539773731052
Mississippi St,N Kentucky,2023,6.17354762661772
Mississippi St,NC State,2023,-3.9262896297027505
Mississippi St,Nevada,2023,-5.414694435427168
Mississippi St,Northwestern,2023,-0.8507779097400878
Mississippi St,Oral Roberts,2023,-5.290813194015524
Mississippi St,Penn St,2023,-5.544838707279479
Mississippi St,Pittsburgh,2023,-1.199837512354212
Mississippi St,Princeton,2023,4.815252301300687
Mississippi St,Providence,2023,-6.895859961938672
Mississippi St,Purdue,2023,-10.854745159710154
Mississippi St,San Diego St,2023,-2.618259298150724
Mississippi St,UC Santa Barbara,2023,-0.3463597174500707
Mississippi St,SE Missouri St,2023,10.449932634623183
Mississippi St,St Mary's CA,2023,-3.8594852832569906
Mississippi St,TAM C. Christi,2023,12.422516800543079
Mississippi St,TCU,2023,-4.262581579846696
Mississippi St,Tennessee,2023,-11.589243150877518
Mississippi St,Texas,2023,-9.344504618426376
Mississippi St,Texas A&M,2023,-3.8720737614595704
Mississippi St,TX Southern,2023,15.838274186960883
Mississippi St,UCLA,2023,-6.829614570539421
Mississippi St,Louisiana,2023,3.8485506349265237
Mississippi St,UNC Asheville,2023,6.4464396385153
Mississippi St,USC,2023,-8.129920320661737
Mississippi St,Utah St,2023,-6.969740925220326
Mississippi St,VCU,2023,-1.9129007562928253
Mississippi St,Vermont,2023,3.2743834151855125
Mississippi St,Virginia,2023,-4.556370834705211
Mississippi St,West Virginia,2023,-8.150996703941074
Mississippi St,Xavier,2023,-4.904641926579637
Missouri,Montana St,2023,4.942170366877129
Missouri,N Kentucky,2023,11.533691402312423
Missouri,NC State,2023,-0.7077237250737619
Missouri,Nevada,2023,1.3663212250651475
Missouri,Northwestern,2023,-0.23460771490204993
Missouri,Oral Roberts,2023,0.7663101990755549
Missouri,Penn St,2023,1.7137492852523595
Missouri,Pittsburgh,2023,0.2532091666359452
Missouri,Princeton,2023,9.45712629447042
Missouri,Providence,2023,-0.3285968341462721
Missouri,Purdue,2023,-6.743107803127486
Missouri,San Diego St,2023,0.40546094095035995
Missouri,UC Santa Barbara,2023,1.265035778135406
Missouri,SE Missouri St,2023,15.641522453297066
Missouri,St Mary's CA,2023,-3.4811884963079267
Missouri,TAM C. Christi,2023,10.24803588693783
Missouri,TCU,2023,-0.13271609047178168
Missouri,Tennessee,2023,-4.078793507465549
Missouri,Texas,2023,-2.6098896722744667
Missouri,Texas A&M,2023,-3.1711252119522997
Missouri,TX Southern,2023,17.896110656904547
Missouri,UCLA,2023,-7.1025367099266985
Missouri,Louisiana,2023,2.236130007199876
Missouri,UNC Asheville,2023,7.843798936151762
Missouri,USC,2023,-2.852956183709805
Missouri,Utah St,2023,-2.223949968488342
Missouri,VCU,2023,1.7004993344176336
Missouri,Vermont,2023,6.352040773168709
Missouri,Virginia,2023,-0.6873464990220485
Missouri,West Virginia,2023,-7.169111279815662
Missouri,Xavier,2023,-4.080357837109832
Montana St,N Kentucky,2023,3.0501789740143876
Montana St,NC State,2023,-6.521955595287016
Montana St,Nevada,2023,-10.323531983522917
Montana St,Northwestern,2023,-8.611452785891103
Montana St,Oral Roberts,2023,-8.077304543981615
Montana St,Penn St,2023,-4.993952597810799
Montana St,Pittsburgh,2023,-6.06496713297729
Montana St,Princeton,2023,2.405080682769781
Montana St,Providence,2023,-6.052340303051469
Montana St,Purdue,2023,-14.900617941034113
Montana St,San Diego St,2023,-10.053395321173504
Montana St,UC Santa Barbara,2023,-12.95955331748973
Montana St,SE Missouri St,2023,10.259663050221638
Montana St,St Mary's CA,2023,-10.261910269302795
Montana St,TAM C. Christi,2023,4.03178618224167
Montana St,TCU,2023,-9.108960676634469
Montana St,Tennessee,2023,-11.802755392528036
Montana St,Texas,2023,-12.361515339868737
Montana St,Texas A&M,2023,-9.758180288064892
Montana St,TX Southern,2023,12.353158819882445
Montana St,UCLA,2023,-14.946781664409796
Montana St,Louisiana,2023,-2.8840144394057416
Montana St,UNC Asheville,2023,1.3286002334143108
Montana St,USC,2023,-10.44265958864894
Montana St,Utah St,2023,-8.135521836234512
Montana St,VCU,2023,-6.9186364084772025
Montana St,Vermont,2023,-1.1450252127435814
Montana St,Virginia,2023,-8.53194998697148
Montana St,West Virginia,2023,-12.388656096238254
Montana St,Xavier,2023,-9.537998128848917
N Kentucky,NC State,2023,-10.757409950969624
N Kentucky,Nevada,2023,-12.07384941669507
N Kentucky,Northwestern,2023,-14.330443681842612
N Kentucky,Oral Roberts,2023,-12.028341964195825
N Kentucky,Penn St,2023,-10.548853375367157
N Kentucky,Pittsburgh,2023,-9.523169905014623
N Kentucky,Princeton,2023,-3.1529931914676466
N Kentucky,Providence,2023,-8.800839174148969
N Kentucky,Purdue,2023,-17.86160346275151
N Kentucky,San Diego St,2023,-11.810704315376274
N Kentucky,UC Santa Barbara,2023,-7.3235049457769446
N Kentucky,SE Missouri St,2023,5.719312804048642
N Kentucky,St Mary's CA,2023,-13.778825350307526
N Kentucky,TAM C. Christi,2023,0.4516894639925528
N Kentucky,TCU,2023,-13.65498105404599
N Kentucky,Tennessee,2023,-15.593033769989136
N Kentucky,Texas,2023,-15.084460811861243
N Kentucky,Texas A&M,2023,-12.662013790181334
N Kentucky,TX Southern,2023,8.792793633500208
N Kentucky,UCLA,2023,-17.114810608315153
N Kentucky,Louisiana,2023,-6.177456677002958
N Kentucky,UNC Asheville,2023,-0.10765639395253296
N Kentucky,USC,2023,-14.529352982130288
N Kentucky,Utah St,2023,-11.966602823658656
N Kentucky,VCU,2023,-10.335975944110782
N Kentucky,Vermont,2023,-4.555549685118698
N Kentucky,Virginia,2023,-13.306301454178243
N Kentucky,West Virginia,2023,-17.28392282210855
N Kentucky,Xavier,2023,-15.833695783960854
NC State,Nevada,2023,-4.101886396462816
NC State,Northwestern,2023,0.11692863624996627
NC State,Oral Roberts,2023,-1.7762996947065084
NC State,Penn St,2023,0.7887217927957232
NC State,Pittsburgh,2023,0.6500983951833277
NC State,Princeton,2023,7.893364079187888
NC State,Providence,2023,-0.5058917958559833
NC State,Purdue,2023,-8.840148597627731
NC State,San Diego St,2023,-0.6994727521165852
NC State,UC Santa Barbara,2023,-0.8535357774472788
NC State,SE Missouri St,2023,12.107625798064412
NC State,St Mary's CA,2023,-3.2412578118781137
NC State,TAM C. Christi,2023,7.4625397228972234
NC State,TCU,2023,-3.436247903447566
NC State,Tennessee,2023,-6.454225195017172
NC State,Texas,2023,-5.5943595907223855
NC State,Texas A&M,2023,-4.839536185432413
NC State,TX Southern,2023,22.478420573991183
NC State,UCLA,2023,-9.162280165798164
NC State,Louisiana,2023,4.100009700236612
NC State,UNC Asheville,2023,10.077705282869498
NC State,USC,2023,-5.861445617768673
NC State,Utah St,2023,-3.147732506880345
NC State,VCU,2023,-0.9507023205844564
NC State,Vermont,2023,5.100052103860565
NC State,Virginia,2023,-4.004613656381968
NC State,West Virginia,2023,-8.273244698018075
NC State,Xavier,2023,-2.4976353398881908
Nevada,Northwestern,2023,0.3387518445029077
Nevada,Oral Roberts,2023,-0.04605873984632941
Nevada,Penn St,2023,1.6575177404051138
Nevada,Pittsburgh,2023,2.4074075204912324
Nevada,Princeton,2023,10.362307057025864
Nevada,Providence,2023,-0.7692360233929233
Nevada,Purdue,2023,-7.49528558886276
Nevada,San Diego St,2023,0.6467412244070622
Nevada,UC Santa Barbara,2023,7.467241339782726
Nevada,SE Missouri St,2023,15.068900813657924
Nevada,St Mary's CA,2023,-5.5665478798003445
Nevada,TAM C. Christi,2023,12.237809984628782
Nevada,TCU,2023,-4.280088095323818
Nevada,Tennessee,2023,-7.116148531117804
Nevada,Texas,2023,-4.194547138740065
Nevada,Texas A&M,2023,-2.2280844007179397
Nevada,TX Southern,2023,25.137354658113445
Nevada,UCLA,2023,-8.612253184003965
Nevada,Louisiana,2023,6.851152390930315
Nevada,UNC Asheville,2023,10.668227205178766
Nevada,USC,2023,-2.7008451306853702
Nevada,Utah St,2023,-3.0860512451353115
Nevada,VCU,2023,2.7799469290519476
Nevada,Vermont,2023,10.459545579587866
Nevada,Virginia,2023,-3.6189115883354765
Nevada,West Virginia,2023,-6.999428716956614
Nevada,Xavier,2023,-3.685391603663879
Northwestern,Oral Roberts,2023,-1.3314646905190575
Northwestern,Penn St,2023,1.1560943019490093
Northwestern,Pittsburgh,2023,0.03385712505419423
Northwestern,Princeton,2023,7.210848844194794
Northwestern,Providence,2023,1.040125191426579
Northwestern,Purdue,2023,-9.439196868171054
Northwestern,San Diego St,2023,-4.886141257587635
Northwestern,UC Santa Barbara,2023,4.647105889024356
Northwestern,SE Missouri St,2023,11.969047145211077
Northwestern,St Mary's CA,2023,-2.5228191062972023
Northwestern,TAM C. Christi,2023,11.284370339041324
Northwestern,TCU,2023,-0.10627695395110241
Northwestern,Tennessee,2023,-7.686206218208009
Northwestern,Texas,2023,-3.578922038000184
Northwestern,Texas A&M,2023,-2.2193721454921094
Northwestern,TX Southern,2023,18.9447020654804
Northwestern,UCLA,2023,-11.927658321609549
Northwestern,Louisiana,2023,4.656390393144574
Northwestern,UNC Asheville,2023,7.7129921974687905
Northwestern,USC,2023,-9.137141387230496
Northwestern,Utah St,2023,-6.158866314163344
Northwestern,VCU,2023,1.9334179589170901
Northwestern,Vermont,2023,7.210848844194794
Northwestern,Virginia,2023,-8.973208500506315
Northwestern,West Virginia,2023,-9.999704085307773
Northwestern,Xavier,2023,-2.5499740549543137
Oral Roberts,Penn St,2023,-4.425471424991837
Oral Roberts,Pittsburgh,2023,-6.612416513010568
Oral Roberts,Princeton,2023,10.21418300208179
Oral Roberts,Providence,2023,-0.03517511751851475
Oral Roberts,Purdue,2023,-7.698144655891055
Oral Roberts,San Diego St,2023,-0.6696337701126851
Oral Roberts,UC Santa Barbara,2023,3.8020425967698053
Oral Roberts,SE Missouri St,2023,16.755362664717502
Oral Roberts,St Mary's CA,2023,-4.660320090140441
Oral Roberts,TAM C. Christi,2023,11.524646552141787
Oral Roberts,TCU,2023,-3.591972045999207
Oral Roberts,Tennessee,2023,-7.458818692413336
Oral Roberts,Texas,2023,-5.717978712356066
Oral Roberts,Texas A&M,2023,-1.7793881075331226
Oral Roberts,TX Southern,2023,24.840480453643647
Oral Roberts,UCLA,2023,-8.471705352481019
Oral Roberts,Louisiana,2023,4.638349309300831
Oral Roberts,UNC Asheville,2023,8.386904729856589
Oral Roberts,USC,2023,-1.7749794234343628
Oral Roberts,Utah St,2023,-4.660198637397325
Oral Roberts,VCU,2023,-0.5372856606541907
Oral Roberts,Vermont,2023,7.549679225370305
Oral Roberts,Virginia,2023,-4.008793191213245
Oral Roberts,West Virginia,2023,-5.886016586452104
Oral Roberts,Xavier,2023,-2.890680741386779
Penn St,Pittsburgh,2023,-2.899003098288087
Penn St,Princeton,2023,8.149765150627632
Penn St,Providence,2023,-1.0396898115875448
Penn St,Purdue,2023,-9.299602380646663
Penn St,San Diego St,2023,-2.0446129565016182
Penn St,UC Santa Barbara,2023,0.554767312057638
Penn St,SE Missouri St,2023,13.183456126814528
Penn St,St Mary's CA,2023,-6.084304207483374
Penn St,TAM C. Christi,2023,8.077492358915627
Penn St,TCU,2023,-3.7098893613828885
Penn St,Tennessee,2023,-6.563820024723817
Penn St,Texas,2023,-6.699868833669442
Penn St,Texas A&M,2023,-4.687990343259853
Penn St,TX Southern,2023,16.568450512805093
Penn St,UCLA,2023,-9.084480576026547
Penn St,Louisiana,2023,2.059757055695508
Penn St,UNC Asheville,2023,6.774682114016566
Penn St,USC,2023,-8.472739969085465
Penn St,Utah St,2023,-2.4631184869307363
Penn St,VCU,2023,-2.5384312389460417
Penn St,Vermont,2023,1.2585809691931846
Penn St,Virginia,2023,-2.3544334950522794
Penn St,West Virginia,2023,-9.514492502263431
Penn St,Xavier,2023,-5.759564852491518
Pittsburgh,Princeton,2023,7.452779930716449
Pittsburgh,Providence,2023,-0.9861719921011097
Pittsburgh,Purdue,2023,-9.954573739860278
Pittsburgh,San Diego St,2023,-2.0514298624829492
Pittsburgh,UC Santa Barbara,2023,4.193322236658219
Pittsburgh,SE Missouri St,2023,12.17143953959302
Pittsburgh,St Mary's CA,2023,-5.772574791298684
Pittsburgh,TAM C. Christi,2023,9.077358482612501
Pittsburgh,TCU,2023,-3.3739364279052846
Pittsburgh,Tennessee,2023,-7.038352483273206
Pittsburgh,Texas,2023,-7.00735328967637
Pittsburgh,Texas A&M,2023,-6.279783862617674
Pittsburgh,TX Southern,2023,19.48754810123232
Pittsburgh,UCLA,2023,-10.448748691651293
Pittsburgh,Louisiana,2023,2.442831872197905
Pittsburgh,UNC Asheville,2023,5.20965669897157
Pittsburgh,USC,2023,-7.381970401437976
Pittsburgh,Utah St,2023,-4.369546716086686
Pittsburgh,VCU,2023,-5.802171061878739
Pittsburgh,Vermont,2023,5.486953000610116
Pittsburgh,Virginia,2023,-3.6170182999851876
Pittsburgh,West Virginia,2023,-8.008123522468553
Pittsburgh,Xavier,2023,-7.302890076056489
Princeton,Providence,2023,-6.848082391464669
Princeton,Purdue,2023,-16.169425521664877
Princeton,San Diego St,2023,-10.96940262069888
Princeton,UC Santa Barbara,2023,-7.980867348444449
Princeton,SE Missouri St,2023,7.996462731709954
Princeton,St Mary's CA,2023,-8.72151874082755
Princeton,TAM C. Christi,2023,0.4576151391347236
Princeton,TCU,2023,-9.528662699980082
Princeton,Tennessee,2023,-13.496696924161311
Princeton,Texas,2023,-13.972448442198559
Princeton,Texas A&M,2023,-8.646167291522037
Princeton,TX Southern,2023,11.567247498829973
Princeton,UCLA,2023,-16.269437207067273
Princeton,Louisiana,2023,-4.877539469535563
Princeton,UNC Asheville,2023,-1.3292024460745484
Princeton,USC,2023,-8.249924252012486
Princeton,Utah St,2023,-9.86497609465518
Princeton,VCU,2023,-11.257248239759855
Princeton,Vermont,2023,-4.065335567748133
Princeton,Virginia,2023,-9.405462982483535
Princeton,West Virginia,2023,-12.707943602288154
Princeton,Xavier,2023,-13.844656917673674
Providence,Purdue,2023,-8.846164737649126
Providence,San Diego St,2023,0.885934480593452
Providence,UC Santa Barbara,2023,0.5835226001495587
Providence,SE Missouri St,2023,13.370718146426954
Providence,St Mary's CA,2023,-6.633086984489369
Providence,TAM C. Christi,2023,9.279990792933686
Providence,TCU,2023,-2.5828160282781045
Providence,Tennessee,2023,-7.38549594168482
Providence,Texas,2023,-5.008006538488103
Providence,Texas A&M,2023,-2.1561706090073476
Providence,TX Southern,2023,18.72750048333582
Providence,UCLA,2023,-8.52602189137025
Providence,Louisiana,2023,4.320513004657078
Providence,UNC Asheville,2023,6.284531456116299
Providence,USC,2023,-3.9825938291101117
Providence,Utah St,2023,-2.129256512718038
Providence,VCU,2023,0.1141927756471576
Providence,Vermont,2023,7.571495355800095
Providence,Virginia,2023,-4.543518550023306
Providence,West Virginia,2023,-6.447666676589656
Providence,Xavier,2023,-4.722607561282788
Purdue,San Diego St,2023,6.63148797550641
Purdue,UC Santa Barbara,2023,11.637666244391927
Purdue,SE Missouri St,2023,24.789042708005365
Purdue,St Mary's CA,2023,3.6269114829251383
Purdue,TAM C. Christi,2023,18.01800784947521
Purdue,TCU,2023,7.103271032224838
Purdue,Tennessee,2023,-0.8466373418684933
Purdue,Texas,2023,0.6863727070530503
Purdue,Texas A&M,2023,5.940085005388876
Purdue,TX Southern,2023,29.081792504362706
Purdue,UCLA,2023,0.49819977299594176
Purdue,Louisiana,2023,11.610574823982752
Purdue,UNC Asheville,2023,15.000164809237454
Purdue,USC,2023,3.7846453243069242
Purdue,Utah St,2023,8.130430710836968
Purdue,VCU,2023,6.46303652605846
Purdue,Vermont,2023,15.888095218057915
Purdue,Virginia,2023,2.8468684271150253
Purdue,West Virginia,2023,3.9228450756086066
Purdue,Xavier,2023,0.9228848027848755
San Diego St,UC Santa Barbara,2023,8.061526142884391
San Diego St,SE Missouri St,2023,12.610043177401089
San Diego St,St Mary's CA,2023,-3.708495031585516
San Diego St,TAM C. Christi,2023,10.18893070210359
San Diego St,TCU,2023,0.7927952206954728
San Diego St,Tennessee,2023,-8.28274604486576
San Diego St,Texas,2023,-4.270300081818398
San Diego St,Texas A&M,2023,-0.8711839096998872
San Diego St,TX Southern,2023,18.745623890391816
San Diego St,UCLA,2023,-6.98640661343427
San Diego St,Louisiana,2023,4.783207288394215
San Diego St,UNC Asheville,2023,9.066170626907951
San Diego St,USC,2023,-1.3986218736137115
San Diego St,Utah St,2023,0.056304163285015585
San Diego St,VCU,2023,2.3786285592674266
San Diego St,Vermont,2023,7.647373160158768
San Diego St,Virginia,2023,-1.1673982549941162
San Diego St,West Virginia,2023,-7.645705142099546
San Diego St,Xavier,2023,-2.846215158516714
UC Santa Barbara,SE Missouri St,2023,10.496942189200645
UC Santa Barbara,St Mary's CA,2023,-9.263810650078184
UC Santa Barbara,TAM C. Christi,2023,6.907334292052806
UC Santa Barbara,TCU,2023,-8.514132629817427
UC Santa Barbara,Tennessee,2023,-11.040200535724434
UC Santa Barbara,Texas,2023,-9.874520587491443
UC Santa Barbara,Texas A&M,2023,-10.620218484178912
UC Santa Barbara,TX Southern,2023,15.180258898137172
UC Santa Barbara,UCLA,2023,-14.146251073714357
UC Santa Barbara,Louisiana,2023,-0.43025862234813744
UC Santa Barbara,UNC Asheville,2023,4.287766745944138
UC Santa Barbara,USC,2023,-8.893455075623132
UC Santa Barbara,Utah St,2023,-5.029876892884148
UC Santa Barbara,VCU,2023,-5.508226434921579
UC Santa Barbara,Vermont,2023,-0.8066941523607853
UC Santa Barbara,Virginia,2023,-6.924216154424618
UC Santa Barbara,West Virginia,2023,-11.023639464063201
UC Santa Barbara,Xavier,2023,-9.096633311073402
SE Missouri St,St Mary's CA,2023,-21.372272513091296
SE Missouri St,TAM C. Christi,2023,-6.921551361108892
SE Missouri St,TCU,2023,-17.135365539208703
SE Missouri St,Tennessee,2023,-24.042058052152978
SE Missouri St,Texas,2023,-22.260842189599774
SE Missouri St,Texas A&M,2023,-17.681655584203586
SE Missouri St,TX Southern,2023,6.015007173442262
SE Missouri St,UCLA,2023,-21.147103326210004
SE Missouri St,Louisiana,2023,-16.4721049001241
SE Missouri St,UNC Asheville,2023,-10.311707588874915
SE Missouri St,USC,2023,-19.850221955537048
SE Missouri St,Utah St,2023,-17.373335108243026
SE Missouri St,VCU,2023,-16.665030283479066
SE Missouri St,Vermont,2023,-13.211800828134171
SE Missouri St,Virginia,2023,-20.65327225790327
SE Missouri St,West Virginia,2023,-21.320159365672815
SE Missouri St,Xavier,2023,-24.236253718723216
St Mary's CA,TAM C. Christi,2023,11.646449165184956
St Mary's CA,TCU,2023,4.976515498231855
St Mary's CA,Tennessee,2023,-5.728601539214144
St Mary's CA,Texas,2023,-4.409618106953075
St Mary's CA,Texas A&M,2023,2.908918659727358
St Mary's CA,TX Southern,2023,24.65982853831669
St Mary's CA,UCLA,2023,-5.02667343274508
St Mary's CA,Louisiana,2023,5.599985486843966
St Mary's CA,UNC Asheville,2023,12.96779506842502
St Mary's CA,USC,2023,1.3905835114215068
St Mary's CA,Utah St,2023,2.6975307312517227
St Mary's CA,VCU,2023,2.4932111433038586
St Mary's CA,Vermont,2023,12.791927030450521
St Mary's CA,Virginia,2023,0.6941616083546915
St Mary's CA,West Virginia,2023,1.9434145430750456
St Mary's CA,Xavier,2023,-4.18680714323788
TAM C. Christi,TCU,2023,-13.721668556977978
TAM C. Christi,Tennessee,2023,-18.535737591050225
TAM C. Christi,Texas,2023,-15.871888918715563
TAM C. Christi,Texas A&M,2023,-16.191154574388257
TAM C. Christi,TX Southern,2023,8.973961144970813
TAM C. Christi,UCLA,2023,-16.8480954564374
TAM C. Christi,Louisiana,2023,-6.547546657769492
TAM C. Christi,UNC Asheville,2023,-5.308024364429232
TAM C. Christi,USC,2023,-14.66214262051639
TAM C. Christi,Utah St,2023,-13.03387966324648
TAM C. Christi,VCU,2023,-12.232980563065205
TAM C. Christi,Vermont,2023,-6.579600218952973
TAM C. Christi,Virginia,2023,-13.973968333966035
TAM C. Christi,West Virginia,2023,-16.96104780787977
TAM C. Christi,Xavier,2023,-16.186756668671844
TCU,Tennessee,2023,-5.195669199482295
TCU,Texas,2023,-5.291453056532346
TCU,Texas A&M,2023,0.1400519600656523
TCU,TX Southern,2023,23.33796402239081
TCU,UCLA,2023,-6.413330091972548
TCU,Louisiana,2023,10.939772509416699
TCU,UNC Asheville,2023,8.540645556582223
TCU,USC,2023,-0.1427484366720719
TCU,Utah St,2023,-3.4384544504286403
TCU,VCU,2023,0.7748600593088245
TCU,Vermont,2023,7.451992637834362
TCU,Virginia,2023,-0.15947668309130988
TCU,West Virginia,2023,-5.618649091337211
TCU,Xavier,2023,-6.169813102592915
Tennessee,Texas,2023,-1.0671677328618399
Tennessee,Texas A&M,2023,3.5037511239325134
Tennessee,TX Southern,2023,26.686698454019442
Tennessee,UCLA,2023,-1.8575888420984024
Tennessee,Louisiana,2023,9.719536380955914
Tennessee,UNC Asheville,2023,12.522793310510172
Tennessee,USC,2023,2.237256148399901
Tennessee,Utah St,2023,1.8226899387211788
Tennessee,VCU,2023,6.6815378458204115
Tennessee,Vermont,2023,11.2948933261203
Tennessee,Virginia,2023,3.2583500554988625
Tennessee,West Virginia,2023,2.646133842167959
Tennessee,Xavier,2023,2.377494732304195
Texas,Texas A&M,2023,2.4552739481323242
Texas,TX Southern,2023,27.36911928386983
Texas,UCLA,2023,-6.90446726495853
Texas,Louisiana,2023,9.633834989176306
Texas,UNC Asheville,2023,11.940790258563306
Texas,USC,2023,2.702362483591349
Texas,Utah St,2023,2.4219292188606256
Texas,VCU,2023,5.768061748872133
Texas,Vermont,2023,8.993479798039155
Texas,Virginia,2023,1.2128748534123106
Texas,West Virginia,2023,3.069905832195454
Texas,Xavier,2023,-4.073204669123978
Texas A&M,TX Southern,2023,16.43535858926929
Texas A&M,UCLA,2023,-7.535038045833235
Texas A&M,Louisiana,2023,7.576950181793654
Texas A&M,UNC Asheville,2023,15.695734869301726
Texas A&M,USC,2023,-2.625881866515124
Texas A&M,Utah St,2023,1.555969167333761
Texas A&M,VCU,2023,5.1270274709245305
Texas A&M,Vermont,2023,9.874637240571898
Texas A&M,Virginia,2023,-1.5432789341583282
Texas A&M,West Virginia,2023,-8.666131160869755
Texas A&M,Xavier,2023,0.04866949057495626
TX Southern,UCLA,2023,-25.159545043164634
TX Southern,Louisiana,2023,-17.466328547785704
TX Southern,UNC Asheville,2023,-15.001314964502116
TX Southern,USC,2023,-27.909178625781838
TX Southern,Utah St,2023,-22.475330954879084
TX Southern,VCU,2023,-21.141340703101477
TX Southern,Vermont,2023,-14.69600118734907
TX Southern,Virginia,2023,-21.850472184765486
TX Southern,West Virginia,2023,-28.466589093051198
TX Southern,Xavier,2023,-25.00746283633488
UCLA,Louisiana,2023,10.151211038913356
UCLA,UNC Asheville,2023,14.196073342075115
UCLA,USC,2023,3.773549580975544
UCLA,Utah St,2023,5.919244659231026
UCLA,VCU,2023,8.606029454566261
UCLA,Vermont,2023,12.616815997224919
UCLA,Virginia,2023,4.073289805335151
UCLA,West Virginia,2023,0.9109918646301195
UCLA,Xavier,2023,5.6733950444412855
Louisiana,UNC Asheville,2023,2.9659554347542834
Louisiana,USC,2023,-8.205219176173156
Louisiana,Utah St,2023,-6.541641191548698
Louisiana,VCU,2023,-6.044908340655609
Louisiana,Vermont,2023,1.4388682652105447
Louisiana,Virginia,2023,-7.998780201974463
Louisiana,West Virginia,2023,-9.55251042387596
Louisiana,Xavier,2023,-7.049791352757973
UNC Asheville,USC,2023,-12.033056438380276
UNC Asheville,Utah St,2023,-7.143771960461638
UNC Asheville,VCU,2023,-10.076614196330638
UNC Asheville,Vermont,2023,-3.501214324015852
UNC Asheville,Virginia,2023,-12.452691195066752
UNC Asheville,West Virginia,2023,-12.991762937177862
UNC Asheville,Xavier,2023,-12.722436654645913
USC,Utah St,2023,-3.0908816448417396
USC,VCU,2023,2.9105879673230586
USC,Vermont,2023,9.009298769355643
USC,Virginia,2023,-1.9715636635960287
USC,West Virginia,2023,-3.584488308180217
USC,Xavier,2023,-3.3905724939864514
Utah St,VCU,2023,-0.30490501546041643
Utah St,Vermont,2023,7.603913736417554
Utah St,Virginia,2023,1.3037691117160617
Utah St,West Virginia,2023,-4.69252274291016
Utah St,Xavier,2023,-3.528435010578066
VCU,Vermont,2023,1.7134631219255925
VCU,Virginia,2023,-6.062044247400368
VCU,West Virginia,2023,-7.71427486656402
VCU,Xavier,2023,-6.5643282973275685
Vermont,Virginia,2023,-10.083876139364701
Vermont,West Virginia,2023,-12.075717057969475
Vermont,Xavier,2023,-11.997188721172366
Virginia,West Virginia,2023,-2.4216739749241385
Virginia,Xavier,2023,-13.12405410790375
West Virginia,Xavier,2023,-2.094673751924019
